ticker,cik,entity_name,file,sha256,filing_cutoff_exclusive
A,1090872,"AGILENT TECHNOLOGIES, INC.",company_raw/companyfacts/CIK0001090872.json,a782d953c7f45eceb7e2f14e5aadf6d27f1836fb652fa32d40c0812f92dc719d,
AAPL,320193,Apple Inc.,company_raw/companyfacts/CIK0000320193.json,73a86c6aedc31f77cac2ea4df5f80f0b3bd7e6eb58bb4e01444fbedf3afb9c43,
ABT,1800,ABBOTT LABORATORIES,company_raw/companyfacts/CIK0000001800.json,5d751f73769f5c0a1f9bee0de16cb39d8961cf3f1ebb5558d555bb2678afb4ff,
ACGL,947484,ARCH CAPITAL GROUP LTD.,company_raw/companyfacts/CIK0000947484.json,6f58ecea35e219649385d34031c24e06590c72a7d51aeb610755cfc515e9355e,
ADBE,796343,ADOBE INC.,company_raw/companyfacts/CIK0000796343.json,75f3829c00b3e8c669b84dcefefe66bc6e0cefd25379b0f0528abd08064df62b,
ADI,6281,"Analog Devices, Inc.",company_raw/companyfacts/CIK0000006281.json,72833d1d0192802e4ccc0dedcc7be48509da00ca97160364188875adfcc585d8,
ADP,8670,"AUTOMATIC DATA PROCESSING, INC.",company_raw/companyfacts/CIK0000008670.json,84dcea82dead76b69090b0bd4b178bd386e3023ceda333ff26126d0eada25329,
AEE,1002910,AMEREN CORP,company_raw/companyfacts/CIK0001002910.json,be531a9122980ef87f34ba507aa7b7fd9a0e620f8297a2df23ab827862214bfa,
AEP,4904,"American Electric Power Company, Inc.",company_raw/companyfacts/CIK0000004904.json,c9040e99381d768142f28e73688dbd888766a5619dd7f701d653a7905d17b84d,
AES,874761,THE AES CORPORATION,company_raw/companyfacts/CIK0000874761.json,0026125c9740c5d2cd27d52c84e9b9ee15795978ef56633f0b3f830f08c95f16,
AFL,4977,Aflac Incorporated,company_raw/companyfacts/CIK0000004977.json,dacccab45a225cc1f9c4607c267ef07c055d45d701f129eca651a717ba3c6a39,
AIG,5272,"American International Group, Inc.",company_raw/companyfacts/CIK0000005272.json,a87d71ae54ec0da29855cff3de6286e3d1114ecbfe4326e838429dd21a520d6e,
AJG,354190,ARTHUR J. GALLAGHER & CO.,company_raw/companyfacts/CIK0000354190.json,4d63033074d3b50107567dc7e5375d7c9d94db490a3ff0d4463503e703dbcf99,
AKAM,1086222,"Akamai Technologies, Inc",company_raw/companyfacts/CIK0001086222.json,c68c8db25a5b809ca1ae6dfafac44bd2bf2cd13a8c7bd86a985ef1baf236b641,
ALB,915913,ALBEMARLE CORPORATION,company_raw/companyfacts/CIK0000915913.json,5cd3ca4cf5c31719acb1e076eff8056e414212076adbd68b05da1b6bd65b57d2,
ALL,899051,ALLSTATE CORP,company_raw/companyfacts/CIK0000899051.json,8590136d2df586eb759817c7c3793416e24065d5bd8b8886641f2d81296551b0,
AMAT,6951,APPLIED MATERIALS INC /DE,company_raw/companyfacts/CIK0000006951.json,65ecfedd5bfd3768d30286b52badee080c655cc8d1077524bdb6ca8928380fa7,
AMD,2488,ADVANCED MICRO DEVICES INC,company_raw/companyfacts/CIK0000002488.json,21a29c75076d90fced568785d855fc427a15c7458bc0bb153a9dedd88ad3349e,
AME,1037868,"AMETEK, Inc.",company_raw/companyfacts/CIK0001037868.json,8a1f593d3101b4530831d0fb0f37784796810616d3d50a9047a60b80fea4761c,
AMGN,318154,Amgen Inc.,company_raw/companyfacts/CIK0000318154.json,fdf5906752dbed7151b14f5e765db25e75393cedef4a2582d976623b49e2e4c7,
AMT,1053507,AMERICAN TOWER CORPORATION,company_raw/companyfacts/CIK0001053507.json,49e2d1977f8befbb07b9ac63645dc39064a0a60d8e903afa237232032b36b995,
AMZN,1018724,AMAZON COM INC,company_raw/companyfacts/CIK0001018724.json,e6aadb0da7384597dbd78f74d1379ffb7fd0829a4d2e797b6d7e442b5e1da0d7,
APA,6769,APACHE CORP,company_raw/companyfacts/CIK0000006769.json,6e55d75cf62089d5c024782071a2905e1ed3f8e40a08321754f5f4658c265c46,2021-03-02
APA,1841666,APA CORPORATION,company_raw/companyfacts/CIK0001841666.json,8412d6f4a709414b9d4630e6f969080aa608f9baf5f409fc296cbe071b1b7772,
APD,2969,"AIR PRODUCTS AND CHEMICALS, INC.",company_raw/companyfacts/CIK0000002969.json,b950a51ccd6520b9874e8452b9be9d2a43736bf24b7ea2413c44d34cf72a623a,
APH,820313,AMPHENOL CORPORATION,company_raw/companyfacts/CIK0000820313.json,eaa224da664e1fd6673c58a8b4dc3b4ca6bcf564591b967e057947f50bf46d23,
ARE,1035443,"ALEXANDRIA REAL ESTATE EQUITIES, INC.",company_raw/companyfacts/CIK0001035443.json,e6e57fff4caf27f9c40a70ef88dfa971fc277929d7969a13326b6a950c8d5656,
ATO,731802,Atmos Energy Corp,company_raw/companyfacts/CIK0000731802.json,753566b394d8142db7d388a3f467e45feda3f6193784cb039558b510f682a789,
AVB,915912,"AVALONBAY COMMUNITIES, INC.",company_raw/companyfacts/CIK0000915912.json,97bca1b997018d0288e4f0e52d4cbcd6d9fbda05c32a89c71eb24125e962f7ec,
AVY,8818,AVERY DENNISON CORPORATION,company_raw/companyfacts/CIK0000008818.json,6387595009294d51ddf0917bd6dfebe06523f55fc359bcc96f4776522b77fcbc,
AXP,4962,AMERICAN EXPRESS CO,company_raw/companyfacts/CIK0000004962.json,8fe514defe349eb117b04523e2e5371387cef70748eabd0445040fe0a9f4840f,
AZO,866787,AUTOZONE INC,company_raw/companyfacts/CIK0000866787.json,0e652965cdc4fd7aa88190116e50474ffbf31ea6b4451b50b3b784af0eadc4d6,
BA,12927,THE BOEING COMPANY,company_raw/companyfacts/CIK0000012927.json,0c63f1ae7cc10b3c27e0c94f2add0c461e6293036dd4e52e52ae6dbb6f206e15,
BAC,70858,BofA Finance LLC,company_raw/companyfacts/CIK0000070858.json,ada7fe8e05f998548839439c2ef3e19fbc6ca7b9ad50d8b8f0450bd71ee16e4f,
BALL,9389,BALL CORPORATION,company_raw/companyfacts/CIK0000009389.json,75fe375c1c37418d1c4b81341fe67ef4e5c91b582b0accff37a6dcae05cd37a8,
BAX,10456,BAXTER INTERNATIONAL INC.,company_raw/companyfacts/CIK0000010456.json,98f10c840740ee257cb08b485f7842d702890e9b7ef20df2e3673fca2bb12297,
BBWI,701985,"BATH & BODY WORKS, INC.",company_raw/companyfacts/CIK0000701985.json,32cf34f9234848168739faf889c7115a9bb833efe026ce6b3a784af3496abf17,
BBY,764478,"BEST BUY CO., INC.",company_raw/companyfacts/CIK0000764478.json,9ad719bb8490017afb4d1950b80f1d7e8acefa17ae5f01afa5c565631ce50e2a,
BEN,38777,FRANKLIN RESOURCES INC,company_raw/companyfacts/CIK0000038777.json,1dd49e7e114b0ab135123530cc35d23a4bd53e6165256253f035ed446b62e671,
BIIB,875045,BIOGEN INC.,company_raw/companyfacts/CIK0000875045.json,e49b5a3bbf14de0fb7d239cc7824bd2fd0df6e7d76ccea2ef08421f0f26763e0,
BIO,12208,"BIO-RAD LABORATORIES, INC.",company_raw/companyfacts/CIK0000012208.json,c966980cb878d538b77448c49eac56c322e186d39e7068d6b7b2f3c6bba00242,
BK,1390777,Bank of New York Mellon Corp,company_raw/companyfacts/CIK0001390777.json,5e1d416fbbc5df89085c4e9d2f32ee91dfae321cb8f3a29a107699e974d926cd,
BKNG,1075531,Booking Holdings Inc.,company_raw/companyfacts/CIK0001075531.json,e4f4e13340718de01f6c966cc4c4ab09f037826023b7f20b9e969eb3ef7cb76c,
BKR,1701605,Baker Hughes Company,company_raw/companyfacts/CIK0001701605.json,987c100407bbbfa22e4a753baf8a903b0e4820079a6502acd13b3aab48a36fd3,
BLK,1364742,"BLACKROCK FINANCE, INC.",company_raw/companyfacts/CIK0001364742.json,a23441fcb996d7ea4f7290dced87bc7644542fa8b55977b388c20f9f2f6c3f8b,2024-10-01
BLK,2012383,"BlackRock, Inc.",company_raw/companyfacts/CIK0002012383.json,1626ac1989e2ec7baffb7d327f26bc2484865455f73e1d21058d678971cef0c6,
BMY,14272,BRISTOL-MYERS SQUIBB COMPANY,company_raw/companyfacts/CIK0000014272.json,a18ba88ed8f92b7f0cbc4d83a6db14b8fba95a5721f7f83a6306ca843ad40c2f,
BRK.B,1067983,BERKSHIRE HATHAWAY INC,company_raw/companyfacts/CIK0001067983.json,10088d8a156e01c366e55c70d8585b3ee7b70221ecbb7597a1147ece0c511246,
BRO,79282,"BROWN & BROWN, INC.",company_raw/companyfacts/CIK0000079282.json,05b38c0a1cb54cd234cd409f5a22b2f89e57473459422d78cd85d7690b37bedc,
BSX,885725,BOSTON SCIENTIFIC CORPORATION,company_raw/companyfacts/CIK0000885725.json,06fbd22345eaba9b752251c5e485a8a67a53a54d553376a44919d4724a40c786,
BWA,908255,BORGWARNER INC.,company_raw/companyfacts/CIK0000908255.json,fdd2d3bf28252d5a6dee2403610d9eb1307d3bf1262465f59012f0185b74ae70,
C,831001,Citigroup Inc,company_raw/companyfacts/CIK0000831001.json,f6c5c402325baeff16996bd6f71a14b4819182503e1c8206227ba5094ff071b7,
CAG,23217,CONAGRA BRANDS INC,company_raw/companyfacts/CIK0000023217.json,7f122d7d40634aa2fe0aff202caf19a4c99011f9bc0f96f89abdaeb5ed8df7d3,
CAH,721371,"Cardinal Health, Inc.",company_raw/companyfacts/CIK0000721371.json,15ee5d44f7a725091f5446fdd31c6240129b52589f205be995ed083006197d87,
CAT,18230,CATERPILLAR INC,company_raw/companyfacts/CIK0000018230.json,01ddc6ffa741f0a7da440e2949b2ed19cec14fab35435a398e3f3d0100019715,
CB,896159,Chubb Limited,company_raw/companyfacts/CIK0000896159.json,050a834c070af9963908ca5bfa72810d1d33393d19c8882d20a10948b278f5a9,
CCI,1051470,CROWN CASTLE INC.,company_raw/companyfacts/CIK0001051470.json,26332892a4dcd974308249d90b2fd21a8a0a454f86190fc157c66b1699b57196,
CCL,815097,Carnival Corporation Ltd.,company_raw/companyfacts/CIK0000815097.json,261b8d59e592337dd2775456e5b57b32e0c63c53f3fcbc5bdfcdab32b0d8a288,
CDNS,813672,"CADENCE DESIGN SYSTEMS, INC.",company_raw/companyfacts/CIK0000813672.json,0bfb80dcfb082f1368b0f19c256ca5b35585e20bda411cea2163627b55f0955b,
CHRW,1043277,"C. H. ROBINSON WORLDWIDE, INC.",company_raw/companyfacts/CIK0001043277.json,d4ed896e4ad7d80e907eb6aa1f11255b20fc0d744069677e6fa6546f880a215d,
CI,1739940,The Cigna Group,company_raw/companyfacts/CIK0001739940.json,06975e153efb2f8d174088c59762b86507fab3a97aa14de13861c58a1585c697,
CINF,20286,CINCINNATI FINANCIAL CORPORATION,company_raw/companyfacts/CIK0000020286.json,9ff1ea6e63c2113938817e6f8c7f9840717f453a1653f5550271580cda58d648,
CL,21665,COLGATE-PALMOLIVE COMPANY,company_raw/companyfacts/CIK0000021665.json,450c2668961565047c7745ff5df5d38b40cc57d6940c48fe8f32dca13100f96d,
CLX,21076,CLOROX CO /DE/,company_raw/companyfacts/CIK0000021076.json,ca18495c5ee7465ad58862a368813a9f2aeb8880344c014f6188c36ffc38976f,
CMCSA,1166691,COMCAST CORPORATION,company_raw/companyfacts/CIK0001166691.json,4931cbdeb5c78061844fd07853321766ae28733a65d5aab5b39175943ce45dfc,
CMI,26172,CUMMINS INC.,company_raw/companyfacts/CIK0000026172.json,febe85c161aed592fcb06cca2a6f2446a3769ee07fc12eefec882dd3044db19e,
CNP,1130310,CENTERPOINT ENERGY INC,company_raw/companyfacts/CIK0001130310.json,c8c789fb5a1d3d93597f2ef22738086bba6d36fa68ef1e2eb6a3fa368a82d399,
COF,927628,CAPITAL ONE FINANCIAL CORP,company_raw/companyfacts/CIK0000927628.json,fd294b03ca6e869548814e877d4d885d50e777c8a01d7df30bd51f4964751b7d,
COO,711404,"The Cooper Companies, Inc.",company_raw/companyfacts/CIK0000711404.json,f8347719b952c8049a91d82c88274e3f741b2ab28e4d06b95df12b8f387d24fe,
COP,1163165,ConocoPhillips,company_raw/companyfacts/CIK0001163165.json,cccc8afe3602880e8f2909266e778aa195b42e745da669a801925c593720d2fc,
COST,909832,COSTCO WHOLESALE CORP /NEW,company_raw/companyfacts/CIK0000909832.json,71a4fd99c86f27c3aa27b8f05b3a9705c16f0060b425395bb1a367ce239b7d1f,
CPB,16732,CAMPBELL'S Co,company_raw/companyfacts/CIK0000016732.json,459ee0ddcdb0e37e5f3675eebd025b68104325d8c26c85a7fe9f76bdba612454,
CPRT,900075,"COPART, INC.",company_raw/companyfacts/CIK0000900075.json,820b593560ae7951965697b19422e43b05b3352f6f2b0d8900ec49d591810d0a,
CPT,906345,CAMDEN PROPERTY TRUST,company_raw/companyfacts/CIK0000906345.json,12b3949a8b31f87519a7d77dd27a1f4e90eb9312933e2f9e5f5eb68ffc5ad974,
CRH,849395,CRH public limited company,company_raw/companyfacts/CIK0000849395.json,bafbd0d6ae151e56e2849147c783ff7bdab7fe825b41be69c1bc559b27ec3daa,
CSCO,858877,"CISCO SYSTEMS, INC.",company_raw/companyfacts/CIK0000858877.json,7d14212189cdc40a070a5bdab2a6272d205d588b2a2e8c4852de50f4b5865d2b,
CSGP,1057352,"COSTAR GROUP, INC.",company_raw/companyfacts/CIK0001057352.json,1d5d0e1dfa38a7bf29df1435922284a7533eef0de05196cc822d672803ba0599,
CTAS,723254,Cintas Corporation,company_raw/companyfacts/CIK0000723254.json,93a726ef0416169f3319ed9e18913d5c8037398a667284a5c6620bcf14507ace,
CTRA,858470,COTERRA ENERGY INC.,company_raw/companyfacts/CIK0000858470.json,ca70fc8a236152d55847dce51f09c2b4d01510296926faaf938dfd696627edeb,
CTSH,1058290,COGNIZANT TECHNOLOGY SOLUTIONS CORPORATION,company_raw/companyfacts/CIK0001058290.json,64a285f6a2f6c49fe7f4b138cfbeedab076c49a3f213ca8c5d53fdd1b43678fc,
CVS,64803,CVS HEALTH CORPORATION,company_raw/companyfacts/CIK0000064803.json,5c08d55a669ee073f26bb7dc68826076bf640f0a2b5ac5b2161408f67f96e3ff,
CVX,93410,Chevron Corp,company_raw/companyfacts/CIK0000093410.json,c09b160603412cb45acf1bb9bf3732e531dedfb548afa0e275fd8aefd7ab397e,
D,715957,"DOMINION ENERGY, INC",company_raw/companyfacts/CIK0000715957.json,a675a88ae458df679704cef7e50039e00032d0dc9b5e55f1f05ccc9294f09bcc,
DD,1666700,"DUPONT DE NEMOURS, INC.",company_raw/companyfacts/CIK0001666700.json,496efa04b7364ec9f3869e58cdf53fd6fdfeb3d6f75234e3f09c2c408bf165dd,
DE,315189,DEERE & CO,company_raw/companyfacts/CIK0000315189.json,b845478ca3e2c2a83471cfb92524b33d83ec47fd3c1c68614f3f2487f1606b6c,
DECK,910521,DECKERS OUTDOOR CORP,company_raw/companyfacts/CIK0000910521.json,4b5b5238bd4a48c7a7685ec5a86501fb7ae19943f2a8fc09843380076fd3dc1e,
DHI,882184,"D.R. Horton, Inc.",company_raw/companyfacts/CIK0000882184.json,d354326179bcea875450e68de79204f60b14ba93a6fb679d0ed9c8b70e3322f7,
DHR,313616,DANAHER CORPORATION,company_raw/companyfacts/CIK0000313616.json,4a686be88c501054fa141624a0b0cf61d46be16390113a430631f8f11f5a1cf0,
DIS,1744489,WALT DISNEY CO/,company_raw/companyfacts/CIK0001744489.json,f737e2272b6fb76cda801a8a5d493621a917ad4f73e0752b4ab14ffda694a57b,
DLTR,935703,"DOLLAR TREE, INC.",company_raw/companyfacts/CIK0000935703.json,e848ce86b0df51740450fc079721862fb958621c0c62a59a739af96ff8bdb5ab,
DOC,765880,"Healthpeak Properties, Inc.",company_raw/companyfacts/CIK0000765880.json,794ba20e7512a824b04e69f00cb8c28b90d4eb5a4a1eb4867f1081f27ffb1c8f,
DOV,29905,DOVER Corp,company_raw/companyfacts/CIK0000029905.json,a91cc758b810966dc29303a97a401b26ab5a5467973cff6c8c61472536abdc4c,
DRI,940944,"DARDEN RESTAURANTS, INC.",company_raw/companyfacts/CIK0000940944.json,f927e022bbe6a9645c3a272e6fef71bc01ce321732380ed98356756cb871a347,
DTE,936340,DTE ENERGY CO,company_raw/companyfacts/CIK0000936340.json,f35763759debdf4c5c3f30325dddb98d7c76e2b341a3bbccfae32e732c823fb8,
DUK,1326160,Duke Energy CORP,company_raw/companyfacts/CIK0001326160.json,1e94bb53863e9fef2f5554a229aa7e0ebc197e06c759b5879db6137d8f1b1b3d,
DVA,927066,DAVITA INC.,company_raw/companyfacts/CIK0000927066.json,b07a8bd0a807cb92d1ace1e4d6f3b566bc65733dbd8322b4be82ad6cdf12867f,
DVN,1090012,DEVON ENERGY CORP/DE,company_raw/companyfacts/CIK0001090012.json,c3193e96ab63097114d3ea13fc55d2f7319d0fcd7f96c54cd58d17bc83964df0,
EBAY,1065088,eBay Inc.,company_raw/companyfacts/CIK0001065088.json,2a70f5a1a257f32a897035c25960fe09faf96940ad51d65515203c8709e362ff,
ECL,31462,ECOLAB INC.,company_raw/companyfacts/CIK0000031462.json,d1bde94130ee5039309a29a510152a8ae865bac9075851449780c3c9fcd6c135,
ED,1047862,CONSOLIDATED EDISON INC,company_raw/companyfacts/CIK0001047862.json,601927f4ea1fddbc6f3de3e8b97480e23d773d9c0bae64a1823ccd06d9e1a85a,
EFX,33185,EQUIFAX INC,company_raw/companyfacts/CIK0000033185.json,9d076a05576d41f09d86dd2b3a54843a67188bbd040442861b559b80c8c7558d,
EIX,827052,EDISON INTERNATIONAL,company_raw/companyfacts/CIK0000827052.json,db6efcd3a947b9270abd1cb44005dc5a4a263f2d71db18cfefe8067bbffb13f3,
EL,1001250,Estee Lauder Companies Inc,company_raw/companyfacts/CIK0001001250.json,a4cc1f0ee262122a9ec5b2e5b558e5fe2f4e63e075449a11b54ebd5fef1f664d,
EME,105634,"EMCOR Group, Inc.",company_raw/companyfacts/CIK0000105634.json,84c31781c9a72f542041a31e473546dbd59c183699ea1b21ffd100425970df25,
EMN,915389,EASTMAN CHEMICAL CO,company_raw/companyfacts/CIK0000915389.json,683d07157bc9a69e765ca966a5544eb96d90ace51a503175a874caf514e3b901,
EMR,32604,EMERSON ELECTRIC CO.,company_raw/companyfacts/CIK0000032604.json,195bcbf29fba4dfc4715c44e24c71f9da3bbca9c4d04f1166fd3a9ec661df27b,
EOG,821189,"EOG RESOURCES, INC.",company_raw/companyfacts/CIK0000821189.json,79f3107794b95507caaecb0a0817c98eca48a6cf6986fa1e01879c164c7b3da3,
EQR,906107,Vivmark Residential,company_raw/companyfacts/CIK0000906107.json,37c83ad0c835de423704177ce4071e2c62fcc9349f98adb1e86b17762b97c600,
EQT,33213,EQT CORPORATION,company_raw/companyfacts/CIK0000033213.json,47cbea53d7e22ddf4866dcae819856c46fabe057a9646cc9b8f39b03b027f082,
ERIE,922621,ERIE INDEMNITY COMPANY,company_raw/companyfacts/CIK0000922621.json,8dbc3ed84f9df02fb620289fade7db754c10c9d036bfceec1f1304b3753c977b,
ES,72741,EVERSOURCE ENERGY,company_raw/companyfacts/CIK0000072741.json,e188d2e3ec734e7bf2f7e3a2e3d8480ccb2e9ea02ac405e33bc2bc16b6680ad5,
ESS,920522,"ESSEX PROPERTY TRUST, INC.",company_raw/companyfacts/CIK0000920522.json,8d316c2e147fd3fcbd941671b2860d82c5e38f8e61c591ef5ea628dc2c381e8e,
ETN,1551182,EATON CORPORATION plc,company_raw/companyfacts/CIK0001551182.json,109482303c686ea9a3927143981559f7285115a0d15e7baa226d3c705c664e02,
EVRG,1711269,"Evergy, Inc.",company_raw/companyfacts/CIK0001711269.json,307342a0a7d889af23eae44a88cfb33e984796cc11320de68af7f078da1c46e2,
EXC,1109357,EXELON CORPORATION,company_raw/companyfacts/CIK0001109357.json,ef3c1307410a62e1ab5b578fd3fece7a0a2fb431b8e0af8227be6d23df3328c2,
EXPD,746515,"EXPEDITORS INTERNATIONAL OF WASHINGTON, INC.",company_raw/companyfacts/CIK0000746515.json,19281891caa89fcfc469369498a89e7ff9ea37fa213a76e73c5a00d4c58c5b7d,
F,37996,Ford Motor Co,company_raw/companyfacts/CIK0000037996.json,db9621054cffb365bcb65cde1f53e4161fb26ac56ebf8a95b9066b3d2375203e,
FAST,815556,FASTENAL CO,company_raw/companyfacts/CIK0000815556.json,d2fa9f1d63d2647f81b2e1c9c080efffd9b37c2c7e56f933502b6f6b2d724a6e,
FCX,831259,Freeport-McMoRan Inc.,company_raw/companyfacts/CIK0000831259.json,9e88803b7e6f52764f09394cef2c020aa7f8fa50a494c551471a448c1c943d11,
FDS,1013237,FACTSET RESEARCH SYSTEMS INC.,company_raw/companyfacts/CIK0001013237.json,a82da656084a714535a6e3d662af63d1c45b7560e9d9cdb4c1d7a8419bf410d1,
FDX,1048911,FedEx Corporation,company_raw/companyfacts/CIK0001048911.json,4c5e7c40fe7ba13853962c7117ad471a3acf99db1a7860dfe078ec23f925cfbf,
FE,1031296,FIRSTENERGY CORP,company_raw/companyfacts/CIK0001031296.json,3c032f349ac4260e1e9db9975c79010b2ae9b690edd6f1a95322586742c1605e,
FFIV,1048695,"F5, INC.",company_raw/companyfacts/CIK0001048695.json,9cc393aa5c19a2d23f818bb88f381d7437acaeb5863409226daf44a2d60b9a92,
FICO,814547,FAIR ISAAC CORP,company_raw/companyfacts/CIK0000814547.json,164900f63f418ba0aa023d98fc2088055279c33419ed413f5c17f48b380b97dc,
FITB,35527,FIFTH THIRD BANCORP,company_raw/companyfacts/CIK0000035527.json,157d008429b1041c042fa888b76be494fef2ad900a1c7e447ed46c2b9f0fd11c,
FMC,37785,FMC CORPORATION,company_raw/companyfacts/CIK0000037785.json,2b3983270fe84c11f97bf051c37734cf7ef65c07624da1675ee2891519367b03,
FRT,34903,FEDERAL REALTY INVESTMENT TRUST,company_raw/companyfacts/CIK0000034903.json,223c38e1a66dd5d276ac2fd34034110f229c574c19f5594dcec665dce9d1ecd7,
GD,40533,GENERAL DYNAMICS CORPORATION,company_raw/companyfacts/CIK0000040533.json,7fff513c1ae0c64ca16a673a15823a850bcb4d097506eaea38c8b540fa4708ff,
GE,40545,GENERAL ELECTRIC CO,company_raw/companyfacts/CIK0000040545.json,8c18acb17bbe0760fae6205c5df75b805480c58d4d1dbbabeba206d9ca36e1e3,
GEN,849399,Gen Digital Inc.,company_raw/companyfacts/CIK0000849399.json,1ab96531b9c9e367514ad0e1b6e81b0749f553760fe2b87e5a77f69bb29de44f,
GILD,882095,"GILEAD SCIENCES, INC.",company_raw/companyfacts/CIK0000882095.json,5703fd84d6e3d00697ac60bc3d7ded9306be2a9f36170a342858b8e6417506f0,
GIS,40704,"General Mills, Inc.",company_raw/companyfacts/CIK0000040704.json,b9dbf97a234f35547994c2a5daea96e09a32f82a7488842a2136e919fd36c9d4,
GL,320335,GLOBE LIFE INC.,company_raw/companyfacts/CIK0000320335.json,b51195098ddaeb34bcb4c2a2d3cff5b3677c5250f54d46416a86077ffdd91503,
GLW,24741,CORNING INC /NY,company_raw/companyfacts/CIK0000024741.json,024d80faa83a89b7b73d16e3a0914f9f8a65eda0c90c7f93bd4974fa7d5e9411,
GPC,40987,GENUINE PARTS CO,company_raw/companyfacts/CIK0000040987.json,d683bb80d340a8e8e77d2b1069a5df9fb984ba0a77ccf31d3124d4952e597c8a,
GS,886982,"The Goldman Sachs Group, Inc.",company_raw/companyfacts/CIK0000886982.json,ef3e93c54f14f99b2b1a5e9323929120d0092030c9b78fa4514fcc229baba639,
GWW,277135,"W.W. Grainger, Inc.",company_raw/companyfacts/CIK0000277135.json,8d3ec595bc350ee93c25f411d8403337bf3535f81f761009d232be61774bb52b,
HAL,45012,HALLIBURTON COMPANY,company_raw/companyfacts/CIK0000045012.json,586e132869fe199342468488d1d9d9cd61b51b292dab063b5dd5d11ac70d79c5,
HAS,46080,"HASBRO, INC.",company_raw/companyfacts/CIK0000046080.json,5c712cfd038f396393133b7e3f452ac48209eadad07769d05e760457eafe3207,
HBAN,49196,Huntington Bancshares Incorporated,company_raw/companyfacts/CIK0000049196.json,6d2a2ab452d022b76a70a0b1afd3a6c7f02ceed8c3e54664e654481775816a97,
HD,354950,"HOME DEPOT, INC.",company_raw/companyfacts/CIK0000354950.json,a2ca172f6ac8d40f44c3ce4f584edeeb6bd7e26271276e5f8420bd902cc622c5,
HIG,874766,"The Hartford Insurance Group, Inc.",company_raw/companyfacts/CIK0000874766.json,b32a49dbbcbfebfc5b5b2fcb81e613a626abd492765b1e381d8167eb0ae8c9c1,
HOLX,859737,HOLOGIC INC,company_raw/companyfacts/CIK0000859737.json,de4d3e10a10440a49fe81dcd5b8102cf8ebd16477ccb8f6248759c754c848564,
HON,773840,Honeywell International Inc,company_raw/companyfacts/CIK0000773840.json,3ec36b94bcfb6c163227a5568ea524a2d714baae79e205929933cdb69ae3bcf7,
HPQ,47217,HP INC.,company_raw/companyfacts/CIK0000047217.json,351d1874f2847fe331549968693423be2a4374a7731422f86687ac66da7af5f4,
HRL,48465,HORMEL FOODS CORPORATION,company_raw/companyfacts/CIK0000048465.json,bc5b56b2f0760d26b7c4c348e3ad6bad5f5fb9895066a0336d7ea47107c9a8cb,
HSIC,1000228,"HENRY SCHEIN, INC.",company_raw/companyfacts/CIK0001000228.json,50148e36e397577fc93db58179bb339de4eb49591361390427b10df5e6e9c4e4,
HST,1070750,"HOST HOTELS & RESORTS, INC.",company_raw/companyfacts/CIK0001070750.json,a990d422c2499bcad360745e3174395aa3763e44fd48fb309fe78206bb799e69,
HSY,47111,HERSHEY CO,company_raw/companyfacts/CIK0000047111.json,83d796de405903e86aacc31ab69ba5c0071939fe1195754576c1ba9b03cdf52c,
HUBB,48898,HUBBELL INC,company_raw/companyfacts/CIK0000048898.json,cbad7cc261333e5397faf635864ab61db830df38d6e5540afb19bc8e2b60cfc2,
HUM,49071,HUMANA INC,company_raw/companyfacts/CIK0000049071.json,3de80abe289855e19c6a0e9391e064ac0ab98360cd394d602873a0ae9ae2d326,
IBM,51143,INTERNATIONAL BUSINESS MACHINES CORP,company_raw/companyfacts/CIK0000051143.json,1660477fa5713e5749c3038cf22b3c776414acfc6e1e721d1772c91101dc5e5c,
IDXX,874716,IDEXX LABORATORIES INC /DE,company_raw/companyfacts/CIK0000874716.json,0e6062dd20371329a7570315c03bbe5ae0b5c7ae89af18e7309e1b26e3ab4260,
IFF,51253,INTERNATIONAL FLAVORS & FRAGRANCES INC,company_raw/companyfacts/CIK0000051253.json,7a9abcdaa0a3ccb7149d851a37cca209a6c386c1eb081d6f1ee2e0e01641e534,
INCY,879169,INCYTE CORPORATION,company_raw/companyfacts/CIK0000879169.json,9bbd2db86b80214c3617ff9f7074d096505585c04e7f1cb88ed756d013c45641,
INTC,50863,INTEL CORP,company_raw/companyfacts/CIK0000050863.json,70056711b8b04d3a27e4a42b6d86e26f85ddaa3d59e480039d66ccfb353eb0b8,
INTU,896878,INTUIT INC.,company_raw/companyfacts/CIK0000896878.json,d85658a5e5e43eafffbbb4c04c17c26d8729b62dc57e7995ff8de43f7f963b61,
IP,51434,INTERNATIONAL PAPER COMPANY,company_raw/companyfacts/CIK0000051434.json,cf67a703e8b724e484e37109a20dac6c11705d2a7ec62c22f00ec42b5ab53107,
IRM,1020569,IRON MOUNTAIN INC,company_raw/companyfacts/CIK0001020569.json,5a66cd68a1ee07b57cbd8d3cd6d9fc33824ebf52220f64d1884edc8f9b180934,
IT,749251,"Gartner, Inc.",company_raw/companyfacts/CIK0000749251.json,0e02cc608a472e3a846f99505a6088cd7c6fd0eb39c6d03813d90697a7d35529,
ITW,49826,ILLINOIS TOOL WORKS INC,company_raw/companyfacts/CIK0000049826.json,93020fcf7c220cd160cf54605d3290782169ab1d62d0cc787988c7520bd4bf9a,
IVZ,914208,Invesco Ltd.,company_raw/companyfacts/CIK0000914208.json,c08cc83e9632d8a8ea6c8be4327dd6cce764b2b607a3e96ab599f8a0408816cc,
J,52988,JACOBS SOLUTIONS INC.,company_raw/companyfacts/CIK0000052988.json,de8c69f98fd5a68a912ec3d765f1f4d086bb0e5ca1ebc9fef2b80358c9b28343,
JBHT,728535,"J.B. HUNT TRANSPORT SERVICES, INC.",company_raw/companyfacts/CIK0000728535.json,eccf1a7b1d2d22679ccf882106106a1c5f28a54537256e4d13f32d6554b1f788,
JCI,833444,JOHNSON CONTROLS INTERNATIONAL PLC,company_raw/companyfacts/CIK0000833444.json,3c0ad147e5626029fe80ae5e25c85c43cb27a4b1f2d620a8e1b4e6e896fd910f,
JKHY,779152,"JACK HENRY & ASSOCIATES, INC.",company_raw/companyfacts/CIK0000779152.json,7b8677dda7b51f9fcbb16580d35aace9d99d7edde4af93136cfff28a24625bb2,
JNJ,200406,Johnson & Johnson,company_raw/companyfacts/CIK0000200406.json,7141c0c988fa1d30f779687b4c78ab561e19aa5990a58ad86a66467d0a783980,
JPM,19617,JPMORGAN CHASE & CO,company_raw/companyfacts/CIK0000019617.json,781dd33430114f78a3ff875c9d8f31e4be5a59d35dc5f5250873a1b79b9bf6b3,
KEY,91576,KeyCorp,company_raw/companyfacts/CIK0000091576.json,1bf0bf2f43689f2906bcfa1446e81bc4808f580bbc39072a8eac16bbb38a42d1,
KIM,879101,KIMCO REALTY CORPORATION,company_raw/companyfacts/CIK0000879101.json,c234dae549259cdff969a4756cab25bdcdd4400d2623f2dc6871a73a82b87f46,
KLAC,319201,KLA CORP,company_raw/companyfacts/CIK0000319201.json,e47201ade7868d4c9134109f805cca6b79bd88864b229fa3bdbeb3eedb20c22c,
KO,21344,COCA COLA CO,company_raw/companyfacts/CIK0000021344.json,53d363a9aa3071406cda9857654358f4dca42e174a1defb8cc1ce9ad2a4c9e40,
KR,56873,KROGER CO,company_raw/companyfacts/CIK0000056873.json,d95bbf178b6c38a18289b38c860abaea5b7fa39a7225a3a45fdbdd33f8351440,
L,60086,LOEWS CORP,company_raw/companyfacts/CIK0000060086.json,e9cdb245fc61b3f62c7a089603f20c2d9c526680715d6d153a9a9b1cf070671c,
LEN,920760,LENNAR CORP /NEW/,company_raw/companyfacts/CIK0000920760.json,cb10c886bc492bab4461cc6a2d86b08eda2e5714ef2ed29e38fccbb8bea87a56,
LHX,202058,"L3HARRIS TECHNOLOGIES, INC.",company_raw/companyfacts/CIK0000202058.json,42fd17c34242f68b8fcd3bed7c20bd186d8d39249e8e4d915414899a805ec753,
LII,1069202,LENNOX INTERNATIONAL INC,company_raw/companyfacts/CIK0001069202.json,f0291f411002ac66080e7ba074fa848d602589552e6e3d48f26e8ca7c431d4dc,
LIN,1707925,Linde plc,company_raw/companyfacts/CIK0001707925.json,282a7dea4f8fa3beffcf27b39d3d5a08424e7ae5bbd6f33f5b30c591395ff22a,
LLY,59478,ELI LILLY AND COMPANY,company_raw/companyfacts/CIK0000059478.json,3fe29099e6efaef9acac95711c271de1a644602939ea18487e29708310985942,
LMT,936468,LOCKHEED MARTIN CORPORATION,company_raw/companyfacts/CIK0000936468.json,aedb683271d2c57451a89db5afa42af45eaaa74c57bc544ddfb427762f785c01,
LNT,352541,ALLIANT ENERGY CORP,company_raw/companyfacts/CIK0000352541.json,8b7e672af6eb1e1576f77f9109d24ae8dc447d2efa347d1eddb598880dbcefe0,
LOW,60667,LOWES COMPANIES INC,company_raw/companyfacts/CIK0000060667.json,7912551d61433f5e7e863ac602ebf24ee1484699e10aa556534f0055fff2ea7d,
LRCX,707549,LAM RESEARCH CORPORATION,company_raw/companyfacts/CIK0000707549.json,5669585890b736938e937b858b2e62156a2cb4f3cb74845d8270eeee42689f90,
LUV,92380,SOUTHWEST AIRLINES CO.,company_raw/companyfacts/CIK0000092380.json,7c2768fa2d6bfc2aee4a9f17ac6e0814434a45623283a8a8da8218ddc6cf678b,
MAA,912595,"MID-AMERICA APARTMENT COMMUNITIES, INC.",company_raw/companyfacts/CIK0000912595.json,057e68283656c64efa2a38b97bde0ace0367fc9586b099086317c21b4b318477,
MAR,1048286,MARRIOTT INTERNATIONAL INC /MD/,company_raw/companyfacts/CIK0001048286.json,af2fea717f696acfa6f5f2436aa6e4175c3c56ab1628a2e3198964300f32422a,
MAS,62996,Masco Corporation,company_raw/companyfacts/CIK0000062996.json,0950e285020bb21be21e10ffc025db404f88f2fd8784d0f6ba647def57f66f0e,
MCD,63908,McDONALD’S CORPORATION,company_raw/companyfacts/CIK0000063908.json,0394e814d75510be107679b026e2df6e5d02d4f2029166911aa4924f9556681f,
MCHP,827054,MICROCHIP TECHNOLOGY INCORPORATED,company_raw/companyfacts/CIK0000827054.json,e8f8817e99e806f3052c70002d235eaa3eeec2fa0eb661c137dcb7b8f337173a,
MCK,927653,McKESSON CORPORATION,company_raw/companyfacts/CIK0000927653.json,435891f1a2c1f818252726af1c515add6885f06b80cc11aceeffc620f32c103d,
MCO,1059556,MOODY'S CORPORATION,company_raw/companyfacts/CIK0001059556.json,208986c57ba95493ec231075a1e085c6cf51d791e40234874954458f60836b32,
MDT,1613103,Medtronic plc,company_raw/companyfacts/CIK0001613103.json,7c6346cf3e78ea76b9c3beecd3d2ca6b30533ec7bdb7d2cb542af41284f7e8bf,
MGM,789570,MGM Resorts International,company_raw/companyfacts/CIK0000789570.json,747e845ac11195975d04f811c36604ce2d4eec32f1b8a948dd222884c182d2a8,
MHK,851968,"MOHAWK INDUSTRIES, INC.",company_raw/companyfacts/CIK0000851968.json,3832f6211aa4baf6a1f154b195a612db99935e0d4d8bb1229a4768b07167e30f,
MKC,63754,"McCORMICK & COMPANY, INCORPORATED",company_raw/companyfacts/CIK0000063754.json,e8eb70bdbde4381137bfd778076bc1dec3b82e7ef00a41f7f321463955957e2e,
MLM,916076,MARTIN MARIETTA MATERIALS INC,company_raw/companyfacts/CIK0000916076.json,2fde07626c3e37398e4df0a352f0b9c8ac169164db053b30b06054819eff75b7,
MMM,66740,3M COMPANY,company_raw/companyfacts/CIK0000066740.json,ce370ee480566f5ab829c6d57f3398d989998ab67e967629100bec5579315128,
MNST,865752,Monster Beverage Corp,company_raw/companyfacts/CIK0000865752.json,64144475e8bf6500e75b335c46c775c2f1f9d1c8e708b9d71f43f1d6eb3eed07,
MO,764180,"Altria Group, Inc.",company_raw/companyfacts/CIK0000764180.json,582b5eb5dbbe9b567af2d187a19d9a7d59f7d7dda6a37a5037ac7b6972262c3d,
MRK,310158,"Merck & Co., Inc.",company_raw/companyfacts/CIK0000310158.json,de2e92301923703e6aee247c42c0cf2f1b741118ebca221fbaa5dc0e47644bd7,
MS,895421,MORGAN STANLEY,company_raw/companyfacts/CIK0000895421.json,cd88aacd9f6687ad9b737f0604998044a6599901b241b53144576a66137bb5e4,
MSFT,789019,MICROSOFT CORPORATION,company_raw/companyfacts/CIK0000789019.json,f8aae2965b20ad0df44bdf7ccbedf797d275b6b8dc030154a7a311361bb7246f,
MSI,68505,"Motorola Solutions, Inc.",company_raw/companyfacts/CIK0000068505.json,566fb6c5ef55b80d4ed5c7057fc47b2afbca249357367f6eecd4a68b6e85f6a1,
MSTR,1050446,STRATEGY INC,company_raw/companyfacts/CIK0001050446.json,eb05f38286048d652aa8e05feb66abb1d94025214a85cf9c7d0edbfb9a3283e8,
MTB,36270,M&T BANK CORPORATION,company_raw/companyfacts/CIK0000036270.json,31b7b199ea6bc258a238daac1215dbe0ad385cb801d7a08ec6c8bb93d57aa363,
MTCH,891103,"Match Group, Inc.",company_raw/companyfacts/CIK0000891103.json,1ea8326820c1722f60a807fc38c9cff3b5eb143d807d596a582bba71c8d6c7d6,
MTD,1037646,Mettler-Toledo International Inc.,company_raw/companyfacts/CIK0001037646.json,96802dbb20a5201bd0b672df752020b95041823f06bb80399a4ee58971f0933d,
MU,723125,"Micron Technology, Inc.",company_raw/companyfacts/CIK0000723125.json,a8b088c2111daef36536e53c81fef4c0f01220c64933e126a665b00a9257f882,
NEE,753308,NEXTERA ENERGY INC,company_raw/companyfacts/CIK0000753308.json,99e84510f602363147dc6c83321aa76859e185d0807019d1efc9e0da60491954,
NEM,1164727,NEWMONT CORPORATION,company_raw/companyfacts/CIK0001164727.json,ea025dc937baa0c5647ad84941e423225c6c59485d9b7b27c4f1d87305739e77,
NI,1111711,NISOURCE INC.,company_raw/companyfacts/CIK0001111711.json,2424cb5431ab554b9805611c2c935752711a9e08fc8dbe9f0a08dad5526844f9,
NKE,320187,"NIKE, Inc.",company_raw/companyfacts/CIK0000320187.json,54abad8b001c9e08bb81b83c12f30e36867f6462a12e040cc329e94d46e6fc5c,
NOC,1133421,NORTHROP GRUMMAN CORP /DE/,company_raw/companyfacts/CIK0001133421.json,5d35e456d5a983567698b3053fa7440a7eea6a8de698d9de9be041e4a6d6d6b7,
NSC,702165,NORFOLK SOUTHERN CORP,company_raw/companyfacts/CIK0000702165.json,19e2b893fa81e7209a06aa2c2c327b0ca912a9a6bcb5c535439c80475eed4759,
NTAP,1002047,"NetApp, Inc.",company_raw/companyfacts/CIK0001002047.json,59597c50fd456aa0eedda001f3665d798a5e036623841277e900c34da8d4ce2f,
NTRS,73124,NORTHERN TRUST CORP,company_raw/companyfacts/CIK0000073124.json,a75bf4bf01a4b55fd14db8ba0c6e0a84db06e7317748e4b7422058a5fdcdb598,
NUE,73309,NUCOR CORP,company_raw/companyfacts/CIK0000073309.json,9265f148393edf83f2797761e24c52bc061277a636d7df476b888ffaf6c74f3a,
NVDA,1045810,NVIDIA CORP,company_raw/companyfacts/CIK0001045810.json,19ef503a5770f5660964b3c3aea6937579d9b359da344afe6a9adf59c63d26ff,
O,726728,REALTY INCOME CORPORATION,company_raw/companyfacts/CIK0000726728.json,676caac36e22f0d1087ec209f80728d2ab38536a1851d1f226daf27aaef44acb,
ODFL,878927,"OLD DOMINION FREIGHT LINE, INC.",company_raw/companyfacts/CIK0000878927.json,cfe7fd09a23eb4d6d7bb463f37abe15444151e095b394a457b7e41b69d6f3046,
OKE,1039684,ONEOK INC /NEW/,company_raw/companyfacts/CIK0001039684.json,61918bc1fd616045434ec1870e3bdff7b791b4d545ac6a125110cd5b99cf95c6,
ORCL,1341439,Oracle Corporation,company_raw/companyfacts/CIK0001341439.json,60e4f8db39c9a84106bd02677f578db14a54c8bccabcdba2b828e595c32edeca,
ORLY,898173,O REILLY AUTOMOTIVE INC,company_raw/companyfacts/CIK0000898173.json,29a5e7ccfb4acae0edb20b5c9f9bd6dd8c68ca08da883bb2ae34ad1c5e43ec77,
PAYX,723531,"Paychex, Inc.",company_raw/companyfacts/CIK0000723531.json,6341acf40f2fafdc9beea6c84dc94657cc4c782b445b81d460df44a81d3b5100,
PCAR,75362,PACCAR Inc,company_raw/companyfacts/CIK0000075362.json,bdfaab49160ead388203df5f35ae036b2c1dd61fc73bde65b46ee07706a4c891,
PEG,788784,Public Service Enterprise Group Incorporated,company_raw/companyfacts/CIK0000788784.json,62a5e3d7bee05fde32c09de810ca71ecc03ef835ca8fe48d9aa66c0836558c7c,
PEP,77476,"PepsiCo, Inc.",company_raw/companyfacts/CIK0000077476.json,7694c322779ef273d15b3791729e5f2d261ce6ed1839be8ff014a33f537375be,
PFE,78003,PFIZER INC,company_raw/companyfacts/CIK0000078003.json,bd072131f9dcf001f22e843fded5910c2c7fc178e2a739ce0c58b1934e84d566,
PG,80424,The Procter & Gamble Company,company_raw/companyfacts/CIK0000080424.json,606ad7056b611e91cfab9f7568b747404405772add188600efa5ccda5824f3d8,
PGR,80661,PROGRESSIVE CORP/OH/,company_raw/companyfacts/CIK0000080661.json,36a3229d38dd5d6c67968c481a413230070c351002f06350995a9cb113cf4d37,
PH,76334,Parker-Hannifin Corp,company_raw/companyfacts/CIK0000076334.json,7abef218c204128225fcf973abb84c0b686ce7e50c2b78fbb09da8ed82ef3085,
PHM,822416,"PULTEGROUP, INC.",company_raw/companyfacts/CIK0000822416.json,270f1d3f97ce3e72b5ca00c5416d1544ef9cdd72c09fcee63497c8e3e173dc14,
PLD,1045609,"Prologis, Inc.",company_raw/companyfacts/CIK0001045609.json,42b1e16ac75fb70de369040e3e511da28ae2ad9bbe32c9c6bcd4affa074e55d1,
PNC,713676,"PNC Financial Services Group, Inc.",company_raw/companyfacts/CIK0000713676.json,205911d91e33a9827fb38f4594458e2aedab34d097c919c41925f4e4ab88ea55,
PNR,77360,Pentair plc,company_raw/companyfacts/CIK0000077360.json,6e53bdf7b8d6c97ab74ccf05b0546ac311908ea094021bab8dd19bce2b336e1c,
POOL,945841,POOL CORPORATION,company_raw/companyfacts/CIK0000945841.json,7b868b687bf03c0ec6e1c91e0b331cd90bb08b4ae5b6cb4731fc141f8eef6abb,
PPG,79879,PPG INDUSTRIES INC,company_raw/companyfacts/CIK0000079879.json,d2115215c7b5332e873631ef48ba58e08b126192b275c4f6043c31c439948a74,
PPL,922224,PPL Corp,company_raw/companyfacts/CIK0000922224.json,39e8ec896ba6f9d6ffae55e9c8d4449a5cd7bd7d5471cca5f57d78dc362c3dd5,
PSA,1393311,Public Storage,company_raw/companyfacts/CIK0001393311.json,bdc3d4562f1cf8df62c7f07ae0d4337b1597690c59857d5f9d959780f6287e88,
PWR,1050915,"QUANTA SERVICES, INC.",company_raw/companyfacts/CIK0001050915.json,0ade68a7b36cb1ef71104428122b0c3c43c98ac84b4f960a3c691c8ac29e4604,
QCOM,804328,QUALCOMM INC/DE,company_raw/companyfacts/CIK0000804328.json,a466da4777ec1202313896d695272832882fd9875e955bab974ce9185bf4a8e7,
RCL,884887,ROYAL CARIBBEAN CRUISES LTD,company_raw/companyfacts/CIK0000884887.json,7df0620aeda2dcd04b8d5f91a7c865d48f5f826094280b1e09b9d894e5a8a0cb,
REG,910606,REGENCY CENTERS CORPORATION,company_raw/companyfacts/CIK0000910606.json,57af8e052d58b1775e4996fad2bf8c0a08547371c325c7602f98b7e690d08042,
REGN,872589,"REGENERON PHARMACEUTICALS, INC.",company_raw/companyfacts/CIK0000872589.json,8ac8537cd8b5e571e7f527aae3e223c6a7cdab1260fd8035e278ac184b4901b4,
RF,1281761,Regions Financial Corporation,company_raw/companyfacts/CIK0001281761.json,b6dec3ef9f5ee90723b8efb243bd6e2bd9e71a6401bb93944a5411b7c5ebd729,
RHI,315213,ROBERT HALF INC.,company_raw/companyfacts/CIK0000315213.json,1a3a2c95a1c800108742135f876d51b91d08e3fdc78714efb676efc767bc5b42,
RJF,720005,"RAYMOND JAMES FINANCIAL, INC.",company_raw/companyfacts/CIK0000720005.json,b6fe2bb269a394dc0f7a25a696eeba257859b5894e62cd1d2ff365a0415713f7,
RL,1037038,Ralph Lauren Corporation,company_raw/companyfacts/CIK0001037038.json,9941afcadb20bb4ecf7958fe71a236ff4491ffe74a659b55b7c6737d81217e31,
RMD,943819,ResMed Inc.,company_raw/companyfacts/CIK0000943819.json,e34475f86d51c5a2a7c037bcf07aaa6b9a48ac8827a8fbde2be0b6c1cbc3ac74,
ROK,1024478,"Rockwell Automation, Inc.",company_raw/companyfacts/CIK0001024478.json,3a514cb5eea60c9984f6597cd4eafdc6500a57af0307461f00d4f2dccfaa1446,
ROL,84839,"ROLLINS, INC.",company_raw/companyfacts/CIK0000084839.json,ae4b8c87e5f58268ddf496d1e7eef6e01c40e4c1f9a6a5ab970f46e2b018263e,
ROP,882835,"ROPER TECHNOLOGIES, INC.",company_raw/companyfacts/CIK0000882835.json,052fc6e4bef90d7703fc3ae1485b31f5a849e72ff2d6feaedecf8811f41ef339,
ROST,745732,"Ross Stores, Inc.",company_raw/companyfacts/CIK0000745732.json,d55821f115a606a17dab93c18c6e2af68f2ac3db17c87d8ce0fa12c3ccf61648,
RSG,1060391,"REPUBLIC SERVICES, INC.",company_raw/companyfacts/CIK0001060391.json,f67b0cf72f216d6d4a76e78284d303c36c91131314eaf251b9c00627e8821f90,
RTX,101829,RTX CORPORATION,company_raw/companyfacts/CIK0000101829.json,6d08f320c9fff931eb211602c6025869e4353fa548d495d8814b4c4842d26f8a,
RVTY,31791,"REVVITY, INC",company_raw/companyfacts/CIK0000031791.json,f45a596a61b554e66a7d360f5a1dc23d1b6e311b51445a0169ead135a00d3ab1,
SBAC,1034054,SBA COMMUNICATIONS CORPORATION,company_raw/companyfacts/CIK0001034054.json,1e388b35b987ffb53f980311ded96ffdab64001e55877fe613e46cdad6e576e5,
SBUX,829224,Starbucks Corporation,company_raw/companyfacts/CIK0000829224.json,2488674b57020c5281665b0ff271a29da71da64a2c9fa66bec6a9118772970bb,
SCHW,316709,SCHWAB CHARLES CORP,company_raw/companyfacts/CIK0000316709.json,42680afbccb3c69fbb84c60644649b98a364231a0806305408f755c33640ab5e,
SEE,1012100,SEALED AIR CORP/DE,company_raw/companyfacts/CIK0001012100.json,2ebec0831a1f13cef64685931a4354a8aa0d64c2abd6d91b898f4a62c00b2fd6,
SHW,89800,THE SHERWIN-WILLIAMS COMPANY,company_raw/companyfacts/CIK0000089800.json,75ef555a24c3fad594f062ed70e1c36a9163efc4f86d0ae7b77281686593fad3,
SJM,91419,The J. M. Smucker Company,company_raw/companyfacts/CIK0000091419.json,fa622963769be978d7878a07447ddd749131f9a58cd1ae7538725c9420fa4c67,
SLB,87347,SLB LIMITED/NV,company_raw/companyfacts/CIK0000087347.json,8ae73ad4b096441afa9626e414020b112e1b1f3434938b01d26ea0aae504a822,
SNA,91440,Snap-on Inc,company_raw/companyfacts/CIK0000091440.json,c8771eeadfa1e6d7568627e43bbefa431815e951d93c3fe4cf9b9d275483c9bc,
SNPS,883241,SYNOPSYS INC,company_raw/companyfacts/CIK0000883241.json,7e9b6e13ac2481586b56f1db93af14b9b014a1b7f92af2a09075d7cbd51526d4,
SO,92122,SOUTHERN CO,company_raw/companyfacts/CIK0000092122.json,8a5eaa0e10d41a4bc087833509ed5f2e2983630e9d33d9151d8a9157551febc3,
SPG,1063761,"SIMON PROPERTY GROUP, INC.",company_raw/companyfacts/CIK0001063761.json,37cdd1240de5e7962809168b0360723dc199cbbb299a4939e78296862cedb4a2,
SPGI,64040,S&P Global Inc.,company_raw/companyfacts/CIK0000064040.json,f392828aca3ccbf6288cd285dc099cfa91409c5dd08816846c4ac8d10b12291d,
SRE,1032208,SEMPRA,company_raw/companyfacts/CIK0001032208.json,f7e87ebb996c534892ab4c214373b88cb828346e2a732371a209b3bec01b49af,
STE,1757898,STERIS plc,company_raw/companyfacts/CIK0001757898.json,1e7f3150c0cae1f0b976f5424b71c1ee51584399ee4162841d6db8063319b089,
STLD,1022671,"Steel Dynamics, Inc.",company_raw/companyfacts/CIK0001022671.json,05faeb3700549a72e77fc8cdb107ba5bc36b73512de61c7a9a9c0e305a5d5943,
STT,93751,STATE STREET CORP,company_raw/companyfacts/CIK0000093751.json,eb2ef444b1b6acdf390f61d077aa43779775f20eff811a0628b49ed9e2119850,
STZ,16918,"CONSTELLATION BRANDS, INC.",company_raw/companyfacts/CIK0000016918.json,d9d8d3d23f255afc4fc6c38eb72a4b3c83d0f51046cb9c6cb2f2cbdf26e2a35f,
SWK,93556,"STANLEY BLACK & DECKER, INC.",company_raw/companyfacts/CIK0000093556.json,63a55694d2d46597c3e460e71c41164115e3b96dd585af6150863b099611b476,
SWKS,4127,"SKYWORKS SOLUTIONS, INC.",company_raw/companyfacts/CIK0000004127.json,fe97017d523d23be63ebcc6d002d596ff7e1e00e89944976731ca27b8303c1b8,
SYK,310764,STRYKER CORP,company_raw/companyfacts/CIK0000310764.json,bad750877f22f14d07b23936d4750cb56275f184b0766a02336d59abef077666,
SYY,96021,Sysco Corporation,company_raw/companyfacts/CIK0000096021.json,ab020386fa23436f7be6f0d69f59ac4b3e7f75f04f80210d6a3d4e95afe40340,
T,732717,AT&T INC.,company_raw/companyfacts/CIK0000732717.json,483db761a498797a4ba14df701a0404a8cc8d21b7409984eb1e722cb089f3dbb,
TAP,24545,Molson Coors Beverage Company,company_raw/companyfacts/CIK0000024545.json,b05913f55a8a8be2fa236fecd7a816edf05c6211ffe9569eb812d2e7f791da46,
TDY,1094285,TELEDYNE TECHNOLOGIES INC,company_raw/companyfacts/CIK0001094285.json,8f802c6a2c4459044b5700272d1b207342555516a18ccdf754027cd65ec9fc8c,
TECH,842023,BIO-TECHNE Corp,company_raw/companyfacts/CIK0000842023.json,5f064cd631289049236c7ddafd76f1bc2824b0b55936587bf5e0bb2cc7a0f677,
TER,97210,"TERADYNE, INC.",company_raw/companyfacts/CIK0000097210.json,e63938f59166b737c6c5aec9f42095752ee968c24e9c7f8c2fd4053f51572e41,
TFC,92230,TRUIST FINANCIAL CORPORATION,company_raw/companyfacts/CIK0000092230.json,aa1667741edfd918113184d4dfead5246f6f8661cfb0c14d281b912572647508,
TGT,27419,Target Corporation,company_raw/companyfacts/CIK0000027419.json,eb15a2cd524e99ff27675db78840d039ec4a68b9cc2dcb10accbcb299933a487,
TJX,109198,"The TJX Companies, Inc.",company_raw/companyfacts/CIK0000109198.json,1b8f7be3fed954f682ae56ebe9c56a245f4df3640b92181a2d44d6e086a4905b,
TMO,97745,THERMO FISHER SCIENTIFIC INC.,company_raw/companyfacts/CIK0000097745.json,4d98ebd4c91521f5d90f032834b8dec04f78b30758a214be33e6cbba68fa766a,
TPL,1811074,Texas Pacific Land Corporation,company_raw/companyfacts/CIK0001811074.json,3e89592340db3ea02defeaa6373ba1db39862500dc19c835c1191942d141df57,
TRMB,864749,TRIMBLE INC.,company_raw/companyfacts/CIK0000864749.json,2778a19629bf5eba804ccf31ae4dd6cac95e303bfd5e007be968535a7133d2c5,
TROW,1113169,PRICE T ROWE GROUP INC,company_raw/companyfacts/CIK0001113169.json,178d7f1d3c117a339a8987bba4313674fcbea48cff4bed2e770fa40556d17778,
TRV,86312,"TRAVELERS COMPANIES, INC.",company_raw/companyfacts/CIK0000086312.json,c08af1e924e3dc1e50b15827f44454d699ac43d9972b0ab51e7d53780b6c804a,
TSCO,916365,TRACTOR SUPPLY CO /DE/,company_raw/companyfacts/CIK0000916365.json,800c0941fb0f475697aacc63f4d287b0cf89b57c556e2d717cbbb4e6d7975b6c,
TT,1466258,TRANE TECHNOLOGIES PLC,company_raw/companyfacts/CIK0001466258.json,b514b24aaf89f3bb84f578aa9ce522656f011b8796723013a2c41faeec0490df,
TTWO,946581,"TAKE-TWO INTERACTIVE SOFTWARE, INC.",company_raw/companyfacts/CIK0000946581.json,e3358efb285aba62ca9e2c073849ca6411f9a0c04599048a118dde0ab2bb0e07,
TXN,97476,TEXAS INSTRUMENTS INCORPORATED,company_raw/companyfacts/CIK0000097476.json,5ee95bf56949988a4beaf0598e3acb0a012867228760cd9462a1c9e72526446f,
TXT,217346,Textron Inc.,company_raw/companyfacts/CIK0000217346.json,75148505b22932b44af59187e898df45196a3a3fe59eb71c4c5f6818bf0810da,
TYL,860731,"TYLER TECHNOLOGIES, INC.",company_raw/companyfacts/CIK0000860731.json,2a4ec793c0bf7f9da9d3133f93327d4f328746f361fc9ef0a3c52acc4b9ae922,
UDR,74208,"UDR, Inc.",company_raw/companyfacts/CIK0000074208.json,fbbb37fc38570879746adb4a6a7b3a0a1b6e958a624bf0770bf3eed341f07b57,
UNH,731766,UnitedHealth Group Incorporated,company_raw/companyfacts/CIK0000731766.json,6c9dff59732b7c597542b2d5eadaae0313ca0de03defdba2c00203e693632d76,
UNP,100885,UNION PACIFIC CORP,company_raw/companyfacts/CIK0000100885.json,99d22f8aa6dd31f102b2691ce5c53ef872908bb7b50860d153e6efbc6eef2b61,
UPS,1090727,UNITED PARCEL SERVICE INC,company_raw/companyfacts/CIK0001090727.json,19a5c39708df843df0ecefb17c8a53b8920ee8e43f64d0572b5dac0c167da90d,
USB,36104,US BANCORP \DE\,company_raw/companyfacts/CIK0000036104.json,882bea36970870fd1590d8a83893ff465f4d05541e3ae1a5bd46765107b342c1,
VFC,103379,V. F. CORPORATION,company_raw/companyfacts/CIK0000103379.json,1c99704624eaca7f592a3a8b9f464c3d93cd1820a69226aa49112a07dd53157c,
VLO,1035002,VALERO ENERGY CORP/TX,company_raw/companyfacts/CIK0001035002.json,d58ab6797025bd0f4e03b03c90f34905c2234e9f28749500726ec867d5443eb5,
VMC,1396009,VULCAN MATERIALS COMPANY,company_raw/companyfacts/CIK0001396009.json,de76d44410d152213a10eacbbe63ef8cd32c330665614a88fe25ce432e1d4d01,
VRTX,875320,VERTEX PHARMACEUTICALS INC / MA,company_raw/companyfacts/CIK0000875320.json,3f73be48f9279b6b1c07339b9c5ea0e2a7f5d757cd6f8c4015e141ec7ed8e4b8,
VTRS,1792044,VIATRIS INC.,company_raw/companyfacts/CIK0001792044.json,f571b7cae2539ee573b69694e8028858b328b92cb38cc4c27fc4a6082aba440a,
VZ,732712,VERIZON COMMUNICATIONS INC,company_raw/companyfacts/CIK0000732712.json,e319d31a81cf3f17423edbb3e18d129653b348cfd8c902034e5a329bf2bf0624,
WAB,943452,WESTINGHOUSE AIR BRAKE TECHNOLOGIES CORPORATION,company_raw/companyfacts/CIK0000943452.json,5804f76a2be77d3b70aaf2fd1d6576d7c14423657e3d5c4e426475baca4c07a2,
WAT,1000697,Waters Corporation,company_raw/companyfacts/CIK0001000697.json,f36772e3c932728e55fc7b158a25d0ab2189ad8ffc3a3e02408c7bfd3ae0b8ed,
WDC,106040,WESTERN DIGITAL CORPORATION,company_raw/companyfacts/CIK0000106040.json,f8689b298d872df51bf0db3227551dcb459fe9d5577984397f6cb0f7a21dc5fc,
WEC,783325,"WEC ENERGY GROUP, INC.",company_raw/companyfacts/CIK0000783325.json,f24093209792df4a105085878e3f047bb7b048f80b8b988633edcd0d7056ac38,
WELL,766704,WELLTOWER INC.,company_raw/companyfacts/CIK0000766704.json,cad053413d5a741d34e5fcc74da09bb64b8f35e75c397b45c9244852924b428f,
WFC,72971,WELLS        FARGO & COMPANY/MN,company_raw/companyfacts/CIK0000072971.json,c0c5e3fb71d85281bc335ef17ef6e4924793dd3f99339b46896fd7b4497be6a4,
WHR,106640,WHIRLPOOL CORP /DE/,company_raw/companyfacts/CIK0000106640.json,16ddb67390ae21ae266b630bd7f87f02c7209dffb05e2e93587536a3cc4885e1,
WM,823768,WASTE MANAGEMENT INC,company_raw/companyfacts/CIK0000823768.json,83672003d7cb177ccd772467684a05c7471ded8af93c0f7ed59b9e7a2cd97119,
WMB,107263,"Williams Companies, Inc.",company_raw/companyfacts/CIK0000107263.json,23d9ec196a95c65fc8e1fe8dc6b893b6e67c127dcf5f98076da2c11fe2aaacac,
WMT,104169,WALMART INC.,company_raw/companyfacts/CIK0000104169.json,54ec3fbf36dc203dd00a0333396b3df2b6695ecdf6cbb19b6ec41b053d86b517,
WRB,11544,W. R. BERKLEY CORP,company_raw/companyfacts/CIK0000011544.json,25fb6de152757d1c85eb8af0d032482b025e7e0342ce966384779865ed1456b5,
WSO,105016,"WATSCO, INC.",company_raw/companyfacts/CIK0000105016.json,f1eafc5700b8edffd96fc71e744b2ae18e338488ced9fc0d0451d7aa93ab0400,
WST,105770,"WEST PHARMACEUTICAL SERVICES, INC.",company_raw/companyfacts/CIK0000105770.json,c3a7f52d8bbdb9a06145973d83c1f4190a4d6619d572e4e3ede7677b74c530b5,
WY,106535,WEYERHAEUSER COMPANY,company_raw/companyfacts/CIK0000106535.json,733a22d10d538c4309bbb2f83f5284d5595e24a8238b71a83ef8345664d1490c,
XEL,72903,Xcel Energy Inc.,company_raw/companyfacts/CIK0000072903.json,98f5a6613b1dcb9fb6c0690489bd37010fe437f60aab58f2d3b1fadeead3babd,
XOM,2115436,Exxon Mobil Corporation,company_raw/companyfacts/CIK0002115436.json,2719a5e960fbd38d2759a183008267387324a5d705cca2c8c72a6980b3ed199b,
YUM,1041061,"YUM! BRANDS, INC.",company_raw/companyfacts/CIK0001041061.json,5562a1496decb21dc8129dff0af281d50da52344a638def297e879eda6f35bf9,
ZBRA,877212,Zebra Technologies Corporation,company_raw/companyfacts/CIK0000877212.json,088b7ddd8e1833b9c11a792460a164736754bd47928fbabf9917ae20d8ae064c,
