Date,Ticker,simple_return
2002-07-02,PWR,-0.6811594202898551
2000-03-20,MSTR,-0.61742006615215
2002-07-22,WMB,-0.6081871345029239
2008-09-15,AIG,-0.6078893912587642
2009-01-20,STT,-0.5904340836012862
2003-03-31,REGN,-0.5653689715281813
2020-03-09,APA,-0.5389792484576555
2007-07-02,JCI,-0.5343618513323982
2024-04-11,GL,-0.5314103184590069
2008-10-30,HIG,-0.5157740278796772
2000-09-29,AAPL,-0.5125
2001-09-26,AES,-0.4948320413436692
2002-10-04,SBAC,-0.4864864864864865
2025-10-30,FMC,-0.46518877727745067
2008-09-17,AIG,-0.45333050487908355
2000-12-19,DLTR,-0.43811881188118806
2008-09-29,FITB,-0.43618090452261304
2005-02-28,BIIB,-0.4255350772889418
2001-12-07,HAL,-0.4243281471004243
2000-09-27,BKNG,-0.4233006179571065
2002-07-23,CNP,-0.4221635883905014
2002-10-25,CI,-0.41838955386289445
2002-07-30,SEE,-0.418013856812933
2002-07-23,WMB,-0.417910447761194
2009-01-20,PNC,-0.41409877585479105
2008-09-29,RF,-0.41122565864833915
2005-09-28,INCY,-0.41022099447513816
2006-04-03,INCY,-0.4053156146179402
2001-09-17,BKNG,-0.3980352303523035
2002-07-17,COF,-0.3976099945681695
2001-09-17,RCL,-0.39726918075422635
2009-02-27,C,-0.3904185022026432
2002-08-09,CCI,-0.38793103448275856
2000-11-09,BBY,-0.3875486381322957
2025-02-13,WST,-0.38218900825159574
2000-10-05,BKNG,-0.3800144560896278
2020-03-09,OKE,-0.3775933609958506
2020-03-09,HAL,-0.37668918918918914
2000-06-12,MSTR,-0.3744578313253012
2020-03-09,DVN,-0.3738414006179197
2009-01-22,AFL,-0.3683767872161481
2003-11-11,VRTX,-0.3675889328063241
2002-07-26,XEL,-0.36721991701244816
2002-08-08,BBY,-0.365079365079365
2001-06-22,GEN,-0.36496350364963503
2004-08-06,NVDA,-0.36363636363636354
2025-09-10,SNPS,-0.3583731819911644
2002-07-31,GLW,-0.35582822085889565
2001-11-06,AMT,-0.35435056746532156
2002-02-25,SBAC,-0.3533568904593639
2016-02-08,WMB,-0.3486707566462167
2001-04-06,EIX,-0.3476764199655765
2002-07-31,SEE,-0.3399470899470899
2008-09-24,AIG,-0.33794749403341295
2020-03-16,MGM,-0.33592736705577175
2025-02-05,FMC,-0.3352151060930504
2008-09-29,KEY,-0.33410404624277457
2002-07-31,NVDA,-0.33333333333333326
2020-04-01,CCL,-0.3318077803203662
2018-05-11,GEN,-0.33124565066109957
2008-01-31,CDNS,-0.3304749340369393
2000-01-19,DVA,-0.32499999999999996
2002-10-03,AMD,-0.3240223463687151
2020-03-16,APA,-0.3237410071942446
2002-02-19,AES,-0.3221476510067114
2020-03-09,EOG,-0.32004773269689735
2000-12-04,WDC,-0.31999999999999995
2008-10-02,HIG,-0.31995412844036697
2001-09-17,CCL,-0.3186383928571429
2002-08-05,WMB,-0.3185840707964601
2020-03-12,RCL,-0.31766055045871566
2009-01-29,TXT,-0.31690140845070414
2002-03-01,RVTY,-0.315246880086815
2002-07-24,CNP,-0.31506849315068497
2001-12-14,TTWO,-0.31306081754735793
2020-03-12,CCL,-0.3117782909930715
2004-08-19,SNPS,-0.31156015037593987
2000-11-03,BKNG,-0.31039603960396034
2002-06-07,JCI,-0.30847457627118646
2008-09-12,AIG,-0.30826760946423715
2002-06-21,MSTR,-0.3076923076923077
2008-07-24,CDNS,-0.3076923076923076
2003-08-06,PWR,-0.3075757575757575
2009-01-22,HBAN,-0.30597014925373134
2009-02-10,RF,-0.3037542662116042
2000-03-07,PG,-0.30250569476082
2008-11-12,PLD,-0.30082796688132474
2000-03-06,EIX,-0.30017761989342806
2009-02-02,HBAN,-0.29940119760479045
2009-05-13,MGM,-0.2980358667805295
2002-08-01,ADBE,-0.29756915339480294
2001-06-19,WAT,-0.29645290110406397
2001-03-15,INTU,-0.2944653412144008
2002-07-25,WMB,-0.29268292682926833
2008-07-03,NVDA,-0.29268292682926833
2019-03-21,BIIB,-0.2923048130010293
2000-08-09,LLY,-0.29184312281347824
2009-12-04,TTWO,-0.2912087912087912
2009-01-20,BAC,-0.2888086642599278
2025-04-03,VFC,-0.2875776397515528
2000-10-12,HD,-0.2873160476524177
2008-11-19,HIG,-0.2870090634441088
2008-10-24,FITB,-0.2869440459110474
2002-08-07,AMT,-0.28658536585365857
2014-01-16,BBY,-0.2855397148676172
2008-10-09,KEY,-0.2854442344045369
2015-10-16,PWR,-0.28510307273434465
2009-01-22,FITB,-0.2845528455284553
2020-03-18,OKE,-0.28442280945758003
2008-08-01,BIIB,-0.2831135321100918
2020-11-09,BIIB,-0.2816661599270295
2002-04-11,RVTY,-0.2810164424514201
2000-03-29,TDY,-0.27884615384615385
2002-09-18,CPRT,-0.2777777777777778
2020-03-16,BBWI,-0.27697536108751064
2000-03-14,NVDA,-0.27586206896551724
2009-07-09,AIG,-0.2758201701093561
2002-07-25,AES,-0.27564102564102577
2025-08-05,IT,-0.2755486917525466
2020-03-09,SLB,-0.27429392053614166
2000-10-17,TER,-0.2742189965288735
2001-02-23,TDY,-0.2741116751269035
2001-07-06,AMD,-0.2737430167597765
2023-03-13,KEY,-0.27367636092468306
2000-11-30,MSTR,-0.2733699921445405
2008-06-18,FITB,-0.27189542483660134
2000-03-14,INCY,-0.2715736040609137
2008-09-29,BK,-0.27145790554414795
2022-10-28,DVA,-0.2709043927648578
2000-07-20,A,-0.2708380393042693
2008-09-29,STT,-0.26995362460336825
2000-09-19,TRMB,-0.2693877551020408
2002-06-03,JCI,-0.26883175462336495
2002-11-06,BKNG,-0.26832844574780057
2020-03-18,CCL,-0.26798418972332017
2004-09-30,MRK,-0.2679377822378324
2002-10-03,JKHY,-0.267391304347826
2008-11-17,HIG,-0.26728110599078336
2000-06-09,VTRS,-0.26724137931034475
2000-07-19,BSX,-0.26708074534161497
2020-03-16,SPG,-0.26706550084368763
2001-06-15,PWR,-0.26582658265826586
2009-02-10,KEY,-0.2654205607476635
2008-11-20,C,-0.26416295353278174
2002-07-18,BAX,-0.26277372262773724
2000-04-14,AKAM,-0.2627272727272728
2002-02-15,AES,-0.2623762376237624
2008-10-07,BAC,-0.26203208556149726
2008-12-18,TTWO,-0.2618061309030655
2005-01-11,AMD,-0.2617983109786388
2001-09-17,RTX,-0.26157595450852966
2001-04-06,TRMB,-0.26116838487972516
2009-02-27,HBAN,-0.26086956521739124
2024-08-02,INTC,-0.2608243851749221
2017-07-28,MSTR,-0.2600422832980973
2000-04-03,AKAM,-0.2599962688887507
2000-09-26,IFF,-0.25983667409057165
2003-11-05,BKNG,-0.2595552466990967
2002-10-11,SBAC,-0.2592592592592593
2008-10-09,MS,-0.25874125874125864
2000-09-21,TER,-0.2585559726208876
2009-02-27,BAC,-0.25790754257907555
2020-03-09,RCL,-0.2574737830646424
2006-08-07,MNST,-0.25671641791044775
2009-02-05,IT,-0.25601604278074863
2022-05-09,MSTR,-0.2552685248130524
2002-06-26,BKNG,-0.2550156041016496
2008-10-23,CDNS,-0.25462962962962965
2002-10-08,AES,-0.25454545454545463
2022-05-11,MSTR,-0.25410199556541024
2012-04-27,DECK,-0.2538860103626942
2008-07-31,AKAM,-0.25312
2005-04-21,DECK,-0.25263157894736843
2020-03-18,MGM,-0.25262054507337517
2002-07-29,XEL,-0.2524590163934426
2022-06-13,MSTR,-0.2517207472959685
2008-10-09,AIG,-0.2508728179551123
2009-04-20,COF,-0.25053840631730084
2009-02-10,HBAN,-0.2500000000000001
2001-07-24,AMZN,-0.2500000000000001
2001-03-26,MNST,-0.25
2001-10-02,MNST,-0.25
2002-07-25,MNST,-0.25
2001-04-02,MNST,-0.25
2020-03-18,HAL,-0.25
2001-09-26,MNST,-0.25
2000-12-05,MNST,-0.25
2000-10-02,TYL,-0.25
2001-04-12,MNST,-0.25
2003-02-19,CPRT,-0.25
2022-05-18,TGT,-0.249327638031957
2020-03-16,O,-0.24932458510227717
2020-03-09,TPL,-0.24878962986100261
2008-10-07,MS,-0.24875000000000003
2020-03-09,COP,-0.2484997272231314
2000-04-26,FFIV,-0.24838160136286214
2003-02-06,A,-0.2482051282051282
2001-03-15,DLTR,-0.2481389578163773
2001-09-18,JBHT,-0.24806201550387597
2025-11-20,BBWI,-0.24795377948964858
2020-03-16,LOW,-0.24768732654949122
2008-11-19,F,-0.24705882352941178
2003-01-29,FMC,-0.24685138539042817
2020-03-16,DRI,-0.24669443941314972
2025-02-06,SWKS,-0.246649114408808
2008-11-19,KIM,-0.24623803009575917
2004-07-01,CAH,-0.24559748427672967
2001-09-17,HST,-0.24548736462093868
2009-02-19,HIG,-0.24456521739130443
2008-03-11,HUM,-0.24427480916030542
2009-04-20,FITB,-0.24414715719063562
2001-09-24,VRTX,-0.24414145717937796
2020-03-16,WELL,-0.24393063583815022
2001-09-20,CTSH,-0.2432432432432433
2008-09-15,TTWO,-0.2430333485609868
2000-07-20,HAS,-0.24290998766954375
2009-01-20,RF,-0.24281984334203655
2009-04-20,BAC,-0.2426829268292683
2020-03-18,MHK,-0.24245953185047175
2017-05-02,AMD,-0.2422907488986783
2022-02-28,VTRS,-0.2422512234910278
2008-09-17,MS,-0.24206755373592626
2009-02-10,FITB,-0.2415730337078651
2008-12-01,ARE,-0.2413793103448275
2000-11-08,BKNG,-0.24060150375939848
2001-09-17,LUV,-0.2400548696844993
2009-02-23,HUM,-0.23952769187517564
2003-03-21,INTU,-0.23907225691347023
2020-03-16,COF,-0.23878107944208604
2018-10-26,MHK,-0.23856490368703243
2020-03-16,BA,-0.23848413631022314
2015-08-11,ZBRA,-0.2384587422755362
2008-12-11,PLD,-0.23813420621931258
2009-01-20,WFC,-0.23809523809523825
2019-05-07,VTRS,-0.23809523809523803
2008-06-12,KEY,-0.2376237623762376
2020-03-18,WMB,-0.23687150837988824
2008-12-01,PLD,-0.23684210526315796
2005-04-29,MSTR,-0.23684210526315796
2007-12-13,BIIB,-0.23682129678439645
2020-03-18,SPG,-0.236780533458119
2001-09-26,TXT,-0.23675115207373265
2002-02-04,BKNG,-0.23586169927633338
2020-03-11,APA,-0.23573735199138857
2002-07-18,ADP,-0.23550724637681164
2004-07-13,FICO,-0.23448275862068968
2021-02-10,MSTR,-0.2344253279912012
2008-11-19,C,-0.23440545808966862
2000-09-15,PNR,-0.2333333333333334
2008-09-29,TFC,-0.2333019755409219
2002-07-19,LNT,-0.23319327731092432
2007-11-08,MNST,-0.23305084745762705
2022-09-30,CCL,-0.23245614035087714
2009-01-14,C,-0.23222094361334877
2000-05-11,VTRS,-0.23127340823970033
2008-12-01,MS,-0.23107177974434612
2001-04-06,MSI,-0.23076923076923084
2008-09-22,HBAN,-0.23076923076923084
2002-12-18,MU,-0.23070987654320985
2001-10-30,CVS,-0.2304648862512363
2002-01-03,FICO,-0.22990232907588282
2008-12-01,RJF,-0.22981366459627328
2018-04-06,INCY,-0.22932466594438428
2002-07-23,XEL,-0.22912966252220246
2002-06-03,WMB,-0.2289416846652268
2020-03-18,O,-0.22890959456056403
2020-03-18,TDY,-0.2288704051515964
2008-12-01,MAA,-0.2286324786324786
2002-10-09,TDY,-0.22857142857142854
2008-12-01,KEY,-0.22841726618705027
2002-11-11,AES,-0.22834645669291342
2020-03-16,DOC,-0.22824536376604854
2002-10-09,AEP,-0.22794959908361967
2002-02-05,JCI,-0.2272275587943028
2008-11-11,HIG,-0.2272272272272272
2002-07-23,AES,-0.22702702702702715
2020-03-16,WY,-0.22683885457608077
2016-10-28,MCK,-0.22674262734584438
2009-02-24,AIG,-0.22672672672672667
2008-12-11,CDNS,-0.22646310432569972
2000-05-03,RMD,-0.2252010723860589
2022-05-20,ROST,-0.22467357046375513
2009-02-17,HBAN,-0.22448979591836737
2008-12-01,FRT,-0.22417091836734693
2025-07-31,BAX,-0.22413793103448265
2022-01-27,TER,-0.22405225046145116
2009-01-20,FITB,-0.22388059701492535
2025-04-17,UNH,-0.2237975654842872
2009-02-20,C,-0.22342147868321638
2009-02-04,AJG,-0.2231845436375749
2000-07-24,BKNG,-0.22311952982960548
2020-03-09,BKR,-0.2229532163742689
2001-09-17,MGM,-0.22288706058339558
2008-10-10,MS,-0.2228773584905661
2002-01-29,WMB,-0.2227979274611399
2002-10-16,MSI,-0.2226890756302521
2002-06-27,PWR,-0.22204724409448806
2009-03-20,AIG,-0.22200392927308443
2008-12-01,C,-0.22194922194922195
2001-09-20,TTWO,-0.22189781021897803
2008-12-01,REG,-0.22172701949860718
2005-10-11,SWKS,-0.22159090909090906
2024-09-04,DLTR,-0.221555419473362
2016-02-04,RL,-0.22155245346869712
2008-10-29,SEE,-0.22140957446808496
2020-03-18,CVX,-0.22112573099415211
2009-02-27,DECK,-0.22108843537414968
2002-05-02,BKNG,-0.22103904485317838
2009-07-01,AIG,-0.2208504801097394
2018-05-01,MTCH,-0.2208448117539028
2015-07-24,BIIB,-0.22080249318270362
2008-10-22,BKR,-0.22071837584591358
2000-09-22,INTC,-0.22053775743707094
2008-10-09,RF,-0.2203947368421052
2006-07-26,AMZN,-0.22023809523809523
2001-09-18,BKNG,-0.21947101857062468
2000-04-04,REGN,-0.21912491178546223
2001-04-03,AKAM,-0.21908602150537648
2008-12-01,HIG,-0.21875
2002-09-04,INCY,-0.21847246891651861
2020-03-16,FITB,-0.21814254859611237
2009-01-30,FITB,-0.21808510638297873
2000-06-30,ROP,-0.2178289000718907
2000-04-19,BMY,-0.2177966101694916
2001-10-01,FFIV,-0.21767241379310343
2008-07-10,MGM,-0.21760916249105233
2025-02-21,AKAM,-0.2172804243598898
2008-12-01,EQR,-0.216391085549964
2000-04-14,FFIV,-0.21615875265768947
2006-07-25,WAB,-0.21580345285524571
2020-03-16,KEY,-0.21562499999999996
2009-03-02,TXT,-0.2154696132596685
2000-05-24,COST,-0.215129151291513
2008-10-30,CI,-0.21499999999999997
2008-10-09,F,-0.2148148148148148
2001-04-03,AMT,-0.2147102526002972
2012-08-02,INCY,-0.2146869983948636
2001-02-16,GLW,-0.21446746637586334
2002-11-07,EVRG,-0.2142857142857142
2018-05-03,CAH,-0.21427182578261716
2024-11-20,TGT,-0.2141105965676927
2000-07-27,GEN,-0.21403508771929824
2022-09-16,FDX,-0.21401614424992144
2020-03-18,FRT,-0.21354238934369352
2011-01-20,FFIV,-0.21350338665513757
2007-12-19,DRI,-0.21304347826086945
2008-09-15,BAC,-0.21288295365278875
2009-02-04,TXT,-0.21279373368146215
2002-07-30,GLW,-0.2125603864734299
2008-09-16,AIG,-0.21223262032085566
2020-03-16,HIG,-0.21222637479978645
2008-11-20,COO,-0.21220930232558144
2008-09-22,RF,-0.2121457489878542
2024-03-05,MSTR,-0.21214392803598203
2000-07-25,AKAM,-0.21208750463477932
2020-03-18,HIG,-0.2119972733469666
2009-02-27,MGM,-0.21190476190476193
2000-12-07,HAS,-0.21176470588235285
2008-10-08,ALL,-0.21167593328038115
2008-12-01,COF,-0.2115531752104055
2020-03-16,PHM,-0.21138493578618534
2026-01-27,HUM,-0.21128096195425405
2020-03-12,SYY,-0.2111324376199616
2002-07-22,WDC,-0.21097046413502107
2021-02-23,MSTR,-0.21095890410958895
2001-09-18,TTWO,-0.2109256449165402
2008-12-01,HST,-0.2107728337236533
2020-04-23,IVZ,-0.2107496463932108
2001-03-02,ORCL,-0.21064950263311877
2001-03-19,LII,-0.210592686002522
2009-02-19,HBAN,-0.21052631578947367
2002-10-07,SBAC,-0.21052631578947367
2001-09-17,MAR,-0.21045665122435475
2008-11-19,PLD,-0.2102689486552567
2001-02-07,MSTR,-0.21015348288075564
2008-10-23,DHI,-0.21013133208255164
2000-03-20,INCY,-0.2101110461718293
2011-04-29,REGN,-0.20996108949416348
2024-10-22,GPC,-0.20966921119592885
2000-04-12,DVA,-0.20945945945945954
2020-07-22,FE,-0.2092330603127327
2000-11-15,NTAP,-0.20909602928752458
2024-10-31,EL,-0.20896397981931247
2008-12-01,BAC,-0.20880913539967383
2026-02-03,IT,-0.20869565217391306
2001-01-05,FFIV,-0.20867208672086723
2020-03-12,AIG,-0.20864864864864863
2009-01-15,TRMB,-0.20854526958290942
2001-04-03,SHW,-0.20840336134453785
2000-07-27,MSTR,-0.20833333333333337
2001-10-24,AMZN,-0.20833333333333326
2008-11-06,HIG,-0.20815632965165665
2008-10-02,FMC,-0.20815581253804016
2002-06-07,SWKS,-0.2081377151799687
2003-04-24,AKAM,-0.2080291970802921
2020-03-16,TRV,-0.20796134859783633
2020-03-12,OKE,-0.2079002079002079
2020-03-18,REG,-0.20759764579989304
2009-03-05,FITB,-0.20754716981132082
2003-01-03,CDNS,-0.2075471698113207
2003-03-13,BAX,-0.20746887966804983
2008-10-07,F,-0.20744680851063824
2009-01-20,JPM,-0.20730897009966787
2020-03-16,FICO,-0.20711579640915834
2003-10-07,REGN,-0.20710382513661207
2020-10-15,VRTX,-0.2069549841597288
2009-01-29,ALL,-0.2068102153229845
2002-10-10,YUM,-0.20665742024965328
2000-11-20,EBAY,-0.20638820638820643
2008-09-29,AIG,-0.20631313131313134
2025-08-05,VRTX,-0.20600503949012205
2008-10-27,AIG,-0.20589611605053826
2005-03-30,WAT,-0.20579334198011234
2020-03-16,SWK,-0.20578566732412884
2009-09-01,AIG,-0.20568620568620566
2022-11-08,MSTR,-0.2055513878469618
2008-11-05,PWR,-0.20542440984429933
2020-03-16,HOLX,-0.20527353376047308
2005-11-22,COO,-0.20512820512820507
2025-01-31,DECK,-0.20505580207072738
2009-04-20,FICO,-0.20501392757660164
2002-02-14,INCY,-0.20493991989319094
2008-12-23,TXT,-0.2048846675712347
2008-11-20,LEN,-0.20460358056265993
2008-12-11,EQR,-0.20431472081218283
2020-03-16,WDC,-0.20431145431145425
2016-01-11,FCX,-0.20408163265306134
2011-08-08,BAC,-0.20408163265306123
2020-03-16,TJX,-0.20397905759162305
2000-12-07,BBY,-0.20367751060820372
2020-03-16,AMAT,-0.20356550580431176
2002-04-04,FFIV,-0.20353159851301106
2008-11-19,ALL,-0.2035024154589372
2020-03-18,KEY,-0.20336787564766834
2009-04-20,MGM,-0.20336134453781507
2009-04-20,AIG,-0.20333988212180754
2002-10-08,AMT,-0.20289855072463758
2020-03-16,MCHP,-0.2028753993610224
2000-02-02,BIIB,-0.20266305574362453
2008-09-29,HBAN,-0.20262664165103195
2020-03-16,DHI,-0.20243572395128562
2019-08-02,NTAP,-0.20223325062034747
2009-05-05,HOLX,-0.20192307692307698
2009-03-30,COF,-0.20180180180180185
2009-04-20,HBAN,-0.20175438596491213
2003-10-31,SWKS,-0.20163170163170163
2000-03-29,INCY,-0.20150987224157946
2000-09-18,ROK,-0.2014302741358761
2009-11-05,CVS,-0.20138888888888884
2020-03-16,ROST,-0.20109689213893966
2011-08-19,HPQ,-0.2009237875288684
2008-09-29,CINF,-0.20079185520361986
2008-10-15,VLO,-0.20034995625546803
2008-12-01,SPG,-0.2000935016362787
2008-01-22,WAT,-0.2000546224225045
2000-01-27,MNST,-0.20000000000000007
2001-09-17,MTCH,-0.20000000000000007
2000-11-27,MNST,-0.20000000000000007
2003-06-12,MNST,-0.20000000000000007
2003-06-04,MNST,-0.20000000000000007
2002-01-22,MNST,-0.20000000000000007
2003-01-14,MNST,-0.20000000000000007
2003-05-30,MNST,-0.20000000000000007
2003-01-28,MNST,-0.20000000000000007
2003-05-13,MNST,-0.20000000000000007
2000-01-12,MNST,-0.20000000000000007
2003-04-01,MNST,-0.20000000000000007
2000-01-21,MNST,-0.20000000000000007
2003-06-16,MNST,-0.20000000000000007
2002-01-09,MNST,-0.20000000000000007
2003-02-05,MNST,-0.20000000000000007
2000-01-19,MNST,-0.20000000000000007
2003-07-03,MNST,-0.20000000000000007
2003-07-01,MNST,-0.20000000000000007
2000-05-15,MNST,-0.20000000000000007
2000-05-09,MNST,-0.20000000000000007
2000-04-19,MNST,-0.20000000000000007
2002-10-29,MNST,-0.20000000000000007
2000-06-19,MNST,-0.20000000000000007
2000-07-05,MNST,-0.20000000000000007
2000-07-11,MNST,-0.20000000000000007
2000-02-10,MNST,-0.20000000000000007
2000-04-04,MNST,-0.20000000000000007
2002-11-05,MNST,-0.20000000000000007
2000-04-07,MNST,-0.20000000000000007
2009-02-04,HBAN,-0.20000000000000007
2002-11-14,MNST,-0.20000000000000007
2000-11-13,MNST,-0.20000000000000007
2000-11-17,MNST,-0.20000000000000007
2002-04-10,MNST,-0.20000000000000007
2000-10-19,MCHP,0.20000000000000018
2000-03-15,CL,0.20016273393002448
2008-04-23,RJF,0.20017108639863124
2008-10-28,BK,0.20033575825405703
2008-10-10,O,0.20048019207683065
2020-11-09,RHI,0.20049728752260387
2001-08-01,MSTR,0.2006172839506173
2020-03-24,INTU,0.20080085424452743
2008-10-13,HUBB,0.20090180360721432
2009-07-23,INCY,0.20090293453724617
2000-10-19,AMAT,0.20091923834537084
2001-04-18,INTC,0.20107962213225372
2009-03-23,COF,0.2011299435028251
2002-10-29,RVTY,0.20138888888888884
2003-12-24,BIO,0.20168742466854161
2008-09-19,GS,0.2017937219730943
2003-04-30,BIO,0.20179948586118246
2024-04-12,GL,0.20181780623838064
2008-12-02,EQR,0.201834862385321
2008-11-24,AMT,0.20196078431372544
2009-05-04,MGM,0.202156334231806
2000-10-18,SYK,0.2023575638506876
2020-04-06,CCL,0.20236686390532554
2004-07-22,LRCX,0.20238095238095233
2009-03-23,LEN,0.20239880059970017
2000-03-06,BKNG,0.20247989881651463
2008-10-10,RF,0.20253164556962022
2000-03-16,AJG,0.20255183413078148
2004-02-18,BIIB,0.20266606416629007
2008-01-08,INCY,0.20274551214361147
2008-10-10,PSA,0.2027896995708156
2000-03-02,ROST,0.20279720279720292
2008-12-18,MU,0.20283018867924518
2008-11-24,RJF,0.20299727520435962
2015-05-29,HUM,0.20311260299054013
2000-04-17,AMAT,0.20316259883121357
2020-03-24,LRCX,0.20322939866369705
2009-04-09,PNC,0.20355731225296458
2008-10-28,PLD,0.20364050056882843
2000-10-19,AMD,0.20364238410596003
2020-06-05,RCL,0.2037396366202151
2001-10-10,SJM,0.20391517128874392
2008-10-13,EOG,0.2039537126325941
2020-03-13,ORCL,0.20410396716826273
2000-01-21,BIIB,0.20415647921760405
2009-03-10,RCL,0.20416666666666683
2002-11-12,GLW,0.204225352112676
2019-08-21,TGT,0.20428909622615232
2004-10-27,CAH,0.20436730123180302
2008-09-18,DOC,0.20445177246496282
2017-03-29,VRTX,0.20452771272443404
2003-01-07,SBAC,0.20454545454545459
2013-10-25,DECK,0.20454545454545459
2000-06-02,AKAM,0.20465619924201417
2025-10-29,TER,0.2047708203314611
2009-08-07,AIG,0.20480225988700562
2019-07-24,TER,0.20483732876712324
2001-01-03,LRCX,0.20491803278688514
2017-11-03,BIO,0.20503364985710348
2008-10-13,VTRS,0.20508474576271185
2002-12-13,WMB,0.20512820512820507
2002-09-30,INCY,0.20519480519480515
2020-03-24,BKR,0.20528967254408048
2008-09-18,MGM,0.20533961523360822
2000-12-28,CSGP,0.20547945205479468
2008-01-31,PHM,0.20559930008748895
2014-02-06,AKAM,0.20582032897511593
2000-03-16,HIG,0.20588235294117663
2009-04-23,RCL,0.20594479830148615
2005-12-27,REGN,0.20614035087719307
2009-02-23,FITB,0.20634920634920628
2009-03-23,MS,0.2063604240282686
2022-05-31,MSTR,0.206472196900638
2020-03-13,NTRS,0.20647236941710823
2000-07-13,FFIV,0.20665499124343256
2001-04-17,CTSH,0.2068965517241379
2009-04-24,AXP,0.20693852708460136
2008-09-19,MS,0.20716612377850163
2001-05-02,RMD,0.2072263549415514
2008-11-21,CB,0.20742685671417838
2005-07-21,EBAY,0.20750382848392035
2002-06-27,AMT,0.2075471698113207
2009-03-18,RF,0.20754716981132093
2000-06-01,SWKS,0.20760869565217388
2009-04-24,EMN,0.20780487804878067
2008-10-13,F,0.20792079207920788
2002-08-21,CCI,0.20792079207920788
2000-10-19,PGR,0.2079207920792081
2017-07-19,VRTX,0.20830811138014527
2008-10-13,CVX,0.20851940913775335
2009-02-24,BAC,0.20860927152317887
2001-04-10,CCI,0.20865704772475047
2002-08-21,PWR,0.20873786407767003
2020-03-24,BA,0.20886195796250706
2008-11-14,HIG,0.2089136490250696
2001-10-08,HOLX,0.20895522388059695
2001-05-02,FFIV,0.20899470899470907
2008-09-30,UNH,0.2090464547677262
2003-08-28,WDC,0.2090592334494774
2020-03-24,GPC,0.20907390084190847
2009-03-23,EQR,0.209158415841584
2009-04-21,USB,0.2092307692307691
2000-01-20,PWR,0.2092307692307691
2007-04-26,SWKS,0.20934959349593507
2012-07-26,WDC,0.2093734080489047
2008-10-10,WSO,0.20993961913608916
2001-01-11,MSTR,0.20998278829604144
2007-04-26,FFIV,0.2101120193763244
2001-04-02,BKNG,0.21017402945113783
2009-03-23,MTB,0.2105048859934855
2000-03-10,NVDA,0.21052631578947367
2001-04-18,AMD,0.2108695652173913
2008-10-20,AES,0.21113243761996148
2020-03-24,CMI,0.21145868370893606
2020-03-19,DVN,0.21158690176322392
2003-05-01,TECH,0.21166306695464376
2008-02-15,BKNG,0.21167230065619425
2026-02-03,DVA,0.21170968612285268
2009-04-13,FITB,0.21171171171171155
2001-10-03,NTAP,0.21188118811881185
2020-07-15,RCL,0.21196111580726962
2016-02-10,AKAM,0.2120293151377306
2009-03-10,LEN,0.21206225680933866
2002-07-30,WMB,0.21212121212121215
2009-09-21,AIG,0.21243523316062185
2009-02-24,RCL,0.21244635193133043
2001-10-10,SWKS,0.2126245847176078
2008-10-14,MS,0.21266233766233755
2009-08-20,AIG,0.21266427718040637
2000-08-18,A,0.21266642677222025
2009-01-21,HBAN,0.21266968325791868
2000-03-16,CTAS,0.21272727272727265
2009-03-10,KIM,0.2127659574468086
2020-03-24,LEN,0.21294523171198776
2000-01-07,NTAP,0.21315280464216624
2008-10-13,APA,0.21325051759834368
2000-02-03,AMZN,0.21325648414985587
2003-05-27,REGN,0.21326164874551967
2008-09-19,HBAN,0.21333333333333337
2008-11-24,JPM,0.213369345037137
2001-01-03,ORCL,0.21337126600284506
2009-03-23,STT,0.21360946745562148
2020-11-09,AXP,0.21378169790518187
2001-09-24,PWR,0.21386138613861383
2008-10-13,STLD,0.21387283236994215
2015-10-30,TRMB,0.21398078975453583
2020-04-06,RCL,0.2140175219023781
2000-10-09,AKAM,0.21414755457308643
2000-10-19,MU,0.21420882669537145
2004-05-06,MNST,0.2142857142857142
2001-11-07,AKAM,0.2142857142857142
2003-11-07,NVDA,0.2142857142857142
2009-02-03,DHI,0.2142857142857142
2001-01-03,WDC,0.2142857142857144
2008-04-25,DECK,0.2143950995405819
2020-11-09,WELL,0.21444930251925864
2009-01-28,HIG,0.2144899904671116
2009-02-24,C,0.2145569620253165
2017-05-25,BBY,0.21467244179750944
2008-10-13,DVN,0.2147190714850964
2002-11-14,AMT,0.21505376344086002
2021-01-14,MSTR,0.2150972462930869
2008-10-14,FITB,0.2152466367713004
2001-10-03,CSCO,0.2153432032301481
2009-03-23,PNC,0.21542083578575633
2007-01-31,CHRW,0.21555015619576556
2009-04-09,TFC,0.21566523605150212
2001-04-10,AKAM,0.2159887798036466
2008-10-13,J,0.21605839416058403
2008-10-28,O,0.2163892445582587
2008-10-28,FRT,0.21655283246283652
2001-04-26,CSGP,0.21666666666666656
2020-03-24,HAS,0.21668681983071347
2003-04-22,AKAM,0.2168674698795181
2008-11-13,ALL,0.2169278996865205
2002-11-06,GLW,0.2171052631578947
2000-07-14,AMZN,0.21714285714285708
2008-11-24,RCL,0.21715328467153272
2000-10-13,BKNG,0.21717831482691063
2002-11-06,SBAC,0.21739130434782616
2009-02-24,RF,0.2176470588235293
2002-04-16,SBAC,0.21777777777777785
2008-10-28,BBWI,0.21802325581395365
2009-11-12,AMD,0.21804511278195493
2001-08-01,NTAP,0.21824104234527675
2009-04-15,IP,0.21857923497267762
2024-03-25,MSTR,0.21864740643466818
2022-05-26,DLTR,0.2186540908750656
2008-09-30,KEY,0.21875
2020-03-24,AXP,0.21891171397208709
2008-09-30,TFC,0.21901840490797553
2008-09-30,RJF,0.2190201729106629
2002-10-11,AKAM,0.2191780821917808
2004-10-27,FFIV,0.2192448233861144
2010-08-04,BKNG,0.2194659851956291
2000-03-16,ORLY,0.2195121951219512
2000-05-30,SWKS,0.21987767584097861
2002-11-19,A,0.22017220172201712
2008-10-13,CMI,0.2203947368421051
2020-03-24,MHK,0.22043265435022907
2020-04-06,MGM,0.22043519394512767
2005-11-21,INCY,0.22083333333333344
2008-01-23,PHM,0.22099447513812143
2008-11-24,REG,0.22099853157121885
2009-03-23,HIG,0.22101449275362328
2002-10-21,XEL,0.2210242587601079
2000-12-05,EBAY,0.22112211221122124
2000-06-01,REGN,0.2211253701875615
2009-03-13,AIG,0.2213592233009707
2009-03-23,PLD,0.22141823444283637
2025-10-16,JBHT,0.2214342571821406
2020-03-24,ECL,0.22155230978260865
2000-06-19,VRTX,0.2215555555555555
2008-07-17,RF,0.2222222222222221
2002-11-01,NVDA,0.22222222222222232
2000-07-25,DECK,0.22222222222222232
2006-02-02,TSCO,0.22222222222222232
2000-02-17,VRTX,0.22222222222222232
2001-02-15,NVDA,0.22222222222222232
2001-10-03,NVDA,0.22222222222222232
2000-04-27,DECK,0.22222222222222232
2020-04-29,APA,0.22234273318872
2007-08-08,BKNG,0.22236102435977512
2020-03-24,RCL,0.22274368231046915
2021-02-09,MSTR,0.22276657060518734
2003-09-03,TTWO,0.22289460413514894
2020-03-13,STT,0.22320302648171508
2000-04-06,REGN,0.22341417910447747
2000-03-03,VTRS,0.22342995169082136
2008-10-10,CPT,0.22362385321100908
2008-09-30,AMD,0.22377622377622375
2009-02-24,HBAN,0.22388059701492513
2002-10-18,AES,0.22388059701492513
2008-07-16,BAC,0.22408759124087596
2009-03-23,KEY,0.22421524663677128
2009-04-13,AIG,0.22427983539094654
2001-08-22,INTU,0.2243639167309175
2026-02-11,BWA,0.2245276028158576
2001-04-18,NTAP,0.224594363791631
2000-07-13,SWKS,0.22472276581865613
2009-03-18,BAC,0.2247422680412372
2002-07-31,WMB,0.22499999999999987
2025-04-09,SWKS,0.2251100398239363
2008-10-16,STLD,0.22515212981744437
2008-09-19,BAC,0.22530329289428086
2009-01-21,BK,0.22542901716068653
2008-10-13,FMC,0.22547169811320766
2002-10-30,PWR,0.22556390977443597
2008-09-22,AIG,0.2258264462809918
2009-03-10,JPM,0.22592945662535735
2008-07-16,HBAN,0.22605363984674343
2002-11-22,AMT,0.2264150943396226
2001-01-18,AMD,0.22648648648648662
2008-10-30,CDNS,0.226586102719033
2008-11-24,DOC,0.22660098522167482
2008-10-10,DECK,0.22663551401869153
2009-05-01,MTD,0.22683757910108704
2000-03-22,MSTR,0.2270778592172591
2008-10-28,BWA,0.22708039492242582
2008-11-26,LEN,0.22718052738336714
2009-03-18,C,0.22719913653534785
2000-12-05,MSTR,0.2272727272727273
2000-03-21,SWKS,0.22743589743589743
2000-06-21,AKAM,0.22744680851063825
2009-04-09,USB,0.2275312855517635
2020-03-24,CVX,0.22754348344055297
2006-07-27,AKAM,0.22766666666666668
2025-09-18,INTC,0.227710843373494
2025-07-24,WST,0.2278481012658229
2001-01-03,AKAM,0.2278481012658229
2008-10-01,HBAN,0.22807017543859653
2008-12-08,STLD,0.2281021897810218
2000-04-06,AKAM,0.22836363636363632
2008-10-13,RJF,0.22844036697247705
2001-01-02,ETN,0.22857142857142865
2009-01-22,STT,0.22859589041095885
2000-07-20,ZBRA,0.22866011381272644
2020-03-24,AVY,0.22867945665873135
2002-03-04,AKAM,0.2288401253918495
2008-10-10,EQR,0.2288524590163934
2008-01-24,FFIV,0.22893954410307238
2000-04-18,BKNG,0.22928257686676412
2008-11-24,PHM,0.22937293729372943
2008-09-30,BK,0.22942502818489285
2008-10-28,NEM,0.22954091816367272
2000-02-29,MU,0.22977941176470584
2024-07-26,MMM,0.22991495747873936
2002-07-24,HAL,0.23003194888178924
2001-01-25,FFIV,0.23008849557522115
2016-01-22,WMB,0.23034934497816595
2007-11-29,REGN,0.23036342321219228
2007-11-09,BKNG,0.23037028102762047
2020-03-25,RCL,0.23058754059639797
2008-11-24,MAA,0.23059532780708358
2000-10-19,KLAC,0.23061497326203195
2008-11-24,CDNS,0.23076923076923062
2009-03-12,COF,0.23104265402843627
2009-03-10,MGM,0.2318181818181817
2000-01-07,WDC,0.23188405797101463
2019-04-16,QCOM,0.23198198198198194
2020-03-19,WELL,0.23205997857907867
2003-05-09,SBAC,0.23214285714285698
2020-03-24,YUM,0.2323152709359606
2020-03-24,ETN,0.23264683447749812
2001-01-03,BBY,0.23289665211062593
2000-12-22,EBAY,0.23308270676691722
2002-10-16,PWR,0.2333333333333334
2000-02-14,APH,0.2333333333333334
2001-05-01,MSTR,0.23348017621145356
2008-10-28,SPG,0.23421854592947344
2011-11-16,MU,0.23452157598499057
2001-07-12,SWKS,0.23488045007032365
2008-10-13,HAL,0.2348890589135424
2008-10-13,PWR,0.23516603157321714
2008-10-13,CI,0.23526498266468554
2005-10-26,FFIV,0.2352657004830918
2002-10-24,AMT,0.23529411764705865
2004-05-07,MNST,0.23529411764705865
2002-01-22,AMZN,0.23529411764705888
2008-09-18,EQR,0.23565121412803536
2002-08-06,XEL,0.23574144486692017
2000-02-03,ROST,0.2357723577235773
2024-03-04,MSTR,0.23587178061886238
2020-03-24,F,0.23588039867109645
2020-06-05,APA,0.23597506678539637
2008-07-16,TFC,0.2360844529750481
2008-10-13,L,0.23618726275832969
2009-05-04,WFC,0.23671874999999987
2008-12-16,HIG,0.2368159203980098
2025-10-06,AMD,0.23708022104815707
2008-10-13,EQT,0.23719165085389005
2001-01-03,MCHP,0.23737373737373746
2002-11-20,AKAM,0.23770491803278682
2009-02-05,HBAN,0.23809523809523814
2000-08-14,DECK,0.23809523809523814
2009-03-10,HBAN,0.23809523809523814
2008-10-13,SPGI,0.23812499999999992
2025-04-09,AMD,0.23820483314154206
2008-07-16,ODFL,0.2382133995037221
2009-07-10,AIG,0.23825503355704702
2009-03-23,WFC,0.23877327491785327
2001-06-04,ODFL,0.23913043478260843
2008-11-13,PGR,0.23931623931623935
2001-01-03,ADBE,0.23987941429801896
2009-02-24,COF,0.2401685393258426
2008-09-19,C,0.24023453629531755
2008-10-13,AES,0.24024640657084184
2012-07-26,AKAM,0.2403539823008849
2001-01-03,CSCO,0.24037122969837577
2002-10-17,AMD,0.24068767908309452
2000-10-19,TXN,0.24076546506453056
2020-03-19,SPG,0.24095646842427954
2008-04-25,TRMB,0.24110953058321472
2009-07-13,AIG,0.24119241192411933
2003-09-08,INCY,0.24129353233830875
2019-08-07,MTCH,0.2416771138041509
2020-03-19,DRI,0.24177346726705928
2024-06-10,TPL,0.24255677925910302
2008-11-24,HST,0.24260355029585812
2001-12-17,SWKS,0.24262101534828795
2001-01-11,SWKS,0.242769500438212
2002-01-24,HAL,0.24316939890710376
2020-03-25,BA,0.2431860902255638
2002-10-11,AES,0.2432432432432432
2012-06-29,STZ,0.24365207995678007
2023-05-25,NVDA,0.24385447394296955
2009-03-18,HIG,0.2441860465116279
2001-01-03,NTAP,0.24426877470355723
2008-10-28,CMCSA,0.2442922374429224
2020-03-24,PHM,0.24432497013142185
2001-10-09,FICO,0.24445812807881784
2002-05-08,CSCO,0.24468085106382964
2003-03-03,CNP,0.24468085106382986
2024-08-13,SBUX,0.24507807196198228
2007-07-25,AMZN,0.24566473988439297
2005-10-24,REGN,0.24581005586592197
2008-09-19,RJF,0.24601657106437225
2000-03-07,HOLX,0.24607329842931946
2008-12-08,F,0.24637681159420288
2009-03-23,JPM,0.24688932547478704
2002-11-21,AMT,0.24705882352941178
2008-10-13,RCL,0.24740484429065734
2025-04-09,MSTR,0.2475730195419208
2009-05-08,RF,0.2477876106194692
2008-11-24,BK,0.24784853700516352
2000-02-25,REGN,0.24815321477428176
2008-11-24,PLD,0.2484472049689439
2002-07-16,AMT,0.2484472049689439
2008-10-13,FCX,0.24865694551036066
2008-10-13,GS,0.24996212695046194
2000-07-10,MNST,0.25
2000-11-14,MNST,0.25
2003-01-21,MNST,0.25
2000-11-20,MNST,0.25
2003-01-13,MNST,0.25
2002-08-19,NVDA,0.25
2002-04-09,MNST,0.25
2000-06-16,MNST,0.25
2002-01-18,MNST,0.25
2000-07-03,MNST,0.25
2002-01-08,MNST,0.25
2002-10-28,MNST,0.25
2002-12-26,SBAC,0.25
2009-04-13,C,0.25
2000-07-13,MNST,0.25
2002-11-04,MNST,0.25
2002-11-11,MNST,0.25
2000-05-12,MNST,0.25
2001-03-30,TYL,0.25
2008-09-30,F,0.25
2003-06-30,MNST,0.25
2000-04-10,MNST,0.25
2000-04-05,MNST,0.25
2003-06-13,MNST,0.25
2003-06-11,MNST,0.25
2000-03-29,MNST,0.25
2003-06-03,MNST,0.25
2003-05-29,MNST,0.25
2000-04-20,MNST,0.25
2003-05-12,MNST,0.25
2003-02-04,MNST,0.25
2003-07-02,MNST,0.25
2003-07-07,MNST,0.25
2000-01-11,MNST,0.25
2000-01-28,MNST,0.25
2000-01-18,MNST,0.25
2001-04-05,AKAM,0.25
2003-03-31,MNST,0.25
2000-01-20,MNST,0.25
2000-01-25,MNST,0.25
2000-12-27,BKNG,0.2500000000000002
2008-12-16,PLD,0.25024248302618823
2011-11-03,FICO,0.25046313449425717
2002-05-08,NTAP,0.25050100200400793
2000-12-27,WAB,0.25057471264367837
2008-01-24,TRMB,0.25062866722548205
2020-11-09,MTB,0.2509850746268656
2000-10-31,REGN,0.251175917215428
2000-05-30,AKAM,0.25125125125125125
2001-01-03,KLAC,0.25125348189415053
2009-01-21,JPM,0.2514668901927912
2000-02-29,REGN,0.25200534759358284
2022-11-17,BBWI,0.25207756232686984
2008-11-21,NEM,0.252336448598131
2020-03-24,COP,0.2523929471032744
2008-09-18,HST,0.2526315789473683
2000-01-07,INCY,0.25276044167066725
2020-03-24,WY,0.2529680365296805
2002-07-25,HSY,0.2531997774067891
2009-03-10,PNC,0.25321543408360125
2020-03-24,SWK,0.2532359774311317
2008-11-24,SPG,0.2534722222222221
2020-03-19,SEE,0.2536461636017755
2008-11-24,IVZ,0.2546583850931676
2009-04-03,KIM,0.25495750708215303
2000-04-28,GILD,0.25531914893617014
2008-10-13,ROP,0.25535465924895684
2008-09-30,TRV,0.2557459256163812
2013-07-25,OKE,0.2557616638560989
2001-01-03,AMAT,0.25576519916142537
2008-10-13,SBAC,0.25619834710743783
2009-05-04,FITB,0.25630252100840356
2008-11-28,F,0.25688073394495414
2001-01-11,BKNG,0.25697865353037774
2000-04-17,SWKS,0.2571530758226037
2024-11-11,MSTR,0.25730345388654685
2009-04-09,KEY,0.25765306122448983
2000-08-18,TYL,0.25773195876288657
2008-11-24,LEN,0.25838926174496635
2008-11-24,HIG,0.2588235294117649
2015-06-22,WMB,0.2592174567343868
2009-04-09,HBAN,0.26
2001-03-05,AMZN,0.26
2002-10-31,WMB,0.26
2008-10-13,CTRA,0.2605263157894737
2009-05-04,RF,0.26056338028169024
2000-12-22,NTAP,0.2607293475564376
2000-05-30,TDY,0.2608353033884949
2000-03-13,NVDA,0.26086956521739113
2009-03-23,BAC,0.26096033402922747
2000-01-18,NTAP,0.26099537037037024
2005-11-03,BKNG,0.26107347576862927
2019-10-22,BIIB,0.2611068855979599
2026-02-06,MSTR,0.2611459014861204
2008-10-13,BSX,0.2612859097127225
2002-10-21,AMD,0.26136363636363624
2020-03-24,TPL,0.26149968494013875
2020-03-25,AFL,0.2615384615384615
2001-01-03,SCHW,0.2615384615384615
2002-07-16,SBAC,0.26168224299065423
2001-02-23,BKNG,0.26188490408673903
2001-05-02,AKAM,0.26211453744493407
2003-07-25,BKNG,0.2621828433346758
2008-11-13,PLD,0.26315789473684204
2000-05-11,WM,0.26315789473684226
2009-04-09,COF,0.26345083487940624
2020-11-30,MSTR,0.26354589015849617
2008-10-13,WMB,0.263671875
2000-12-11,WDC,0.26451612903225796
2021-07-26,MSTR,0.2645914396887159
2008-11-24,GS,0.26465408805031454
2009-02-06,BAC,0.2647058823529411
2009-03-10,MS,0.2647569444444444
2000-04-11,DVA,0.2649572649572651
2002-11-25,AES,0.2654867256637168
2020-03-24,HAL,0.26582278481012644
2009-03-10,HIG,0.2659932659932658
2004-02-05,AKAM,0.26637554585152845
2005-03-14,MNST,0.2666666666666666
2000-12-08,NVDA,0.26666666666666683
2001-04-18,SBAC,0.26750629722921904
2009-10-23,AMZN,0.2676659528907923
2007-04-25,AMZN,0.26785714285714257
2020-01-07,APA,0.26791419443176645
2003-02-20,WMB,0.268041237113402
2008-10-28,HST,0.26865671641791056
2009-07-23,POOL,0.26925698704839807
2009-08-27,AIG,0.2693119459687632
2008-10-13,BKR,0.26946847960445
2001-01-03,FFIV,0.26953125
2024-10-29,VFC,0.27020506634499397
2025-04-09,MCHP,0.27027809965237526
2007-05-22,MGM,0.27043390514631693
2008-10-28,FITB,0.27063339731285985
2002-03-01,CCI,0.27077747989276135
2003-05-06,PWR,0.2711370262390671
2008-11-24,BAC,0.27136258660508084
2001-10-11,TRMB,0.2719298245614037
2000-03-01,MSTR,0.2724004027038689
2000-02-17,INCY,0.272442396313364
2009-03-23,HST,0.27314814814814814
2000-02-28,TYL,0.27319587628865993
2003-05-05,AKAM,0.2734375
2025-04-09,VFC,0.2748171368861023
2025-08-04,IDXX,0.27493744631586803
2001-01-03,AMZN,0.2753623188405798
2007-10-26,DECK,0.2754777070063694
2001-04-10,EIX,0.2756097560975612
2002-10-30,SBAC,0.27586206896551735
2002-08-16,SBAC,0.2761194029850744
2002-08-21,WMB,0.27659574468085113
2002-08-14,NTAP,0.2769230769230768
2020-03-19,HIG,0.2772491349480968
2002-07-29,WDC,0.2772727272727271
2026-01-30,RHI,0.2775932078257659
2008-10-13,NUE,0.2776911076443058
2000-12-08,CCI,0.2786032689450222
2020-11-09,SPG,0.2787060839760067
2009-03-10,BAC,0.2793103448275862
2000-07-20,GEN,0.27962085308056883
2008-03-31,VRTX,0.28027867095391223
2002-03-06,SBAC,0.28099173553719026
2008-10-13,HIG,0.28106060606060623
2002-11-13,SBAC,0.28125
2008-10-28,IVZ,0.28146853146853146
2008-10-28,KIM,0.28157894736842115
2008-11-07,AES,0.2819905213270144
2003-08-15,PWR,0.2821969696969695
2000-10-20,HON,0.2828116419549698
2002-10-23,AMT,0.28301886792452824
2003-11-13,MNST,0.2857142857142856
2000-12-28,TYL,0.2857142857142856
2000-04-05,NVDA,0.2857142857142856
2002-10-10,SBAC,0.2857142857142858
2015-08-27,FCX,0.2857142857142858
2011-04-27,REGN,0.28601735776277737
2002-06-12,AES,0.28634361233480177
2008-10-14,RF,0.28675136116152444
2009-01-21,MS,0.28682170542635665
2020-11-09,RCL,0.28787352328005555
2000-08-18,WDC,0.28787878787878785
2000-01-05,INTU,0.28821774794929156
2000-08-17,INCY,0.2883666956774005
2001-01-03,BKNG,0.2891566265060239
2000-03-22,REGN,0.28930041152263364
2001-03-19,FFIV,0.28968253968253976
2008-09-18,HBAN,0.29032258064516125
2021-02-08,MSTR,0.2915632754342432
2003-01-31,MSTR,0.2919254658385093
2000-04-20,TRMB,0.2923076923076924
2008-11-24,KEY,0.2926829268292681
2008-09-30,STT,0.2928786359077231
2016-11-11,NVDA,0.2934131736526948
2009-04-24,MHK,0.2956107879428873
2001-06-06,BKNG,0.2956170345041964
2020-03-24,WHR,0.2957804178615322
2000-05-24,INTU,0.29614093959731536
2020-03-24,APA,0.2964959568733152
2008-06-20,HBAN,0.2975778546712802
2008-11-26,F,0.29761904761904767
2003-10-29,TRMB,0.297752808988764
2020-03-24,FCX,0.29821073558648115
2001-03-26,EIX,0.29902912621359223
2020-11-09,HST,0.29988465974625145
2000-12-08,BKNG,0.29990966576332423
2008-10-13,TPL,0.3008849557522124
2008-10-13,OKE,0.30099502487562213
2009-03-18,AFL,0.3022388059701493
2000-01-19,WDC,0.3032258064516129
2000-12-01,MSTR,0.3037837837837838
2001-01-03,EBAY,0.30388692579505294
2014-08-15,MNST,0.3048576214405361
2002-08-22,AES,0.305194805194805
2001-11-14,AMZN,0.3055555555555556
2008-09-30,FITB,0.30659536541889487
2002-10-24,CCI,0.30708661417322825
2000-04-18,AKAM,0.30714285714285716
2000-10-19,AKAM,0.3075780089153044
2003-04-24,DECK,0.3076923076923077
2009-03-16,C,0.30898021308980206
2009-01-21,NTRS,0.30909090909090886
2009-01-28,WFC,0.30954676952748317
2009-01-21,BAC,0.3096446700507616
2004-10-27,MSTR,0.3104925053533192
2009-01-21,C,0.3108632395732298
2022-11-10,FICO,0.31099443405367655
2020-11-09,VLO,0.31197681905988417
2001-12-17,TTWO,0.31204644412191573
2003-03-19,BKNG,0.3122119815668203
2008-09-18,AIG,0.3123787349631355
2020-03-24,DRI,0.31343713956170705
2009-01-28,STT,0.3134772896500373
2000-12-05,SWKS,0.3144186046511628
2008-11-25,LEN,0.31466666666666665
2001-04-18,SWKS,0.31486310299869635
2000-03-09,WDC,0.3152173913043479
2009-02-20,HBAN,0.3166666666666669
2009-04-09,WFC,0.3168724279835391
2009-02-06,HBAN,0.3173076923076923
2001-09-19,TTWO,0.3173076923076923
2002-01-14,DECK,0.3181818181818181
2000-10-10,TYL,0.3205128205128205
2002-06-17,SBAC,0.3211009174311925
2001-07-02,MSTR,0.3214285714285716
2003-09-08,REGN,0.3216200119118524
2020-11-09,KIM,0.3235653235653235
2003-05-02,BKNG,0.32523230879199416
2009-04-13,HBAN,0.32539682539682535
2000-03-23,MSTR,0.3268342161613884
2008-07-16,WFC,0.32789432789432804
2020-11-09,FRT,0.32911163379772
2008-11-24,MS,0.33044733044733055
2008-10-29,MGM,0.33094262295081966
2020-03-24,MGM,0.33150984682713336
2008-09-30,AIG,0.33184855233853017
2020-03-19,OKE,0.33236151603498554
2000-01-13,INCY,0.3324271844660196
2003-05-09,NVDA,0.3333333333333335
2001-03-29,MNST,0.3333333333333335
2002-07-26,MNST,0.3333333333333335
2009-05-08,HBAN,0.3333333333333335
2001-04-09,MNST,0.3333333333333335
2001-10-05,MNST,0.3333333333333335
2001-09-27,MNST,0.3333333333333335
2001-04-09,AMZN,0.3333333333333335
2001-06-29,MNST,0.3333333333333335
2000-12-06,MNST,0.3333333333333335
2013-08-21,INCY,0.3348148148148147
2008-11-24,KIM,0.33675564681724834
2008-10-14,HIG,0.3394441159077468
2009-04-16,RF,0.3395061728395061
2002-11-19,SBAC,0.3414634146341464
2000-06-19,INCY,0.3415142394072703
2008-09-18,RF,0.34218289085545717
2003-10-30,AKAM,0.34228187919463093
2009-03-12,HBAN,0.34246575342465757
2002-11-04,SBAC,0.34285714285714297
2000-06-07,MSTR,0.3435714285714284
2016-01-14,WMB,0.3436293436293436
2002-11-18,AMT,0.34545454545454524
2008-10-13,UNH,0.3468934911242605
2000-12-12,TYL,0.3472222222222223
2009-02-25,FITB,0.348314606741573
2009-02-06,SWKS,0.3491271820448878
2020-11-09,REG,0.3496910214467466
2002-11-25,SBAC,0.35087719298245634
2001-01-25,EIX,0.35266821345707666
2009-04-09,BAC,0.35347985347985333
2020-07-29,BBWI,0.3538681948424067
2006-10-03,SWKS,0.35396039603960383
2009-04-30,MGM,0.3544520547945207
2008-10-28,AIG,0.35533294048320574
2009-05-05,MGM,0.3553811659192825
2001-11-26,AMZN,0.3555555555555554
2003-04-23,AKAM,0.35643564356435653
2008-09-19,RF,0.3571428571428572
2000-10-19,SWKS,0.35752298016448947
2000-04-25,NTAP,0.3582329317269075
2001-05-01,BKNG,0.3587146349982535
2025-09-10,ORCL,0.35947766780337664
2002-06-13,JCI,0.3599999999999999
2000-01-26,RHI,0.3600891861761426
2009-01-28,FITB,0.36024844720496874
2009-04-09,FITB,0.3619631901840492
2001-01-03,NVDA,0.36363636363636354
2009-01-21,PNC,0.37103746397694515
2013-02-14,STZ,0.37205014749262544
2020-03-13,EQT,0.37269938650306744
2000-01-25,WAT,0.37624551614188917
2008-11-25,DHI,0.3795620437956204
2009-03-10,C,0.38064516129032255
2021-06-07,BIIB,0.38341371356678566
2020-03-24,BBWI,0.38955223880597023
2001-10-24,ACGL,0.3913043478260869
2020-11-09,CCL,0.3924418604651163
2001-04-19,AKAM,0.39380530973451333
2000-03-13,WDC,0.394904458598726
2002-10-31,AES,0.3950617283950615
2001-10-16,MSTR,0.3971291866028708
2022-09-28,BIIB,0.398503463269124
2001-04-19,FFIV,0.3986928104575165
2002-07-29,AES,0.3999999999999999
2008-07-17,HBAN,0.40312499999999996
2014-06-24,VRTX,0.40414352199369463
2000-04-18,REGN,0.4064809550881181
2000-08-21,MSTR,0.40761904761904755
2002-08-01,WMB,0.40816326530612246
2000-12-05,NTAP,0.40936768149882896
2000-06-09,MSTR,0.4109247506799638
2003-05-19,REGN,0.4145299145299146
2000-03-28,TDY,0.41458106637649617
2002-07-31,MSTR,0.41666666666666674
2000-12-05,AKAM,0.4253135689851768
2008-09-19,AIG,0.43110585452395034
2000-03-22,IT,0.4316129032258065
2009-03-18,AIG,0.43744821872410955
2020-11-04,BIIB,0.4397392818104531
2000-03-07,NVDA,0.4545454545454546
2002-11-21,AKAM,0.4569536423841061
2002-03-07,SBAC,0.458064516129032
2002-07-26,JCI,0.45923261390887293
2000-03-06,A,0.47234701781564703
2009-04-03,MGM,0.47811447811447794
2009-04-09,TXT,0.4880546075085326
2009-02-06,RF,0.4887640449438202
2000-05-11,DVA,0.4999999999999998
2008-10-14,HBAN,0.5012987012987014
2016-04-22,AMD,0.5229007633587786
2008-10-14,KEY,0.5438596491228072
2008-02-25,TTWO,0.5489631336405532
2012-05-07,VRTX,0.5535952953755681
2002-11-29,SEE,0.5593824228028506
2008-11-24,C,0.5785302593659942
2008-11-03,HIG,0.57909604519774
2009-05-08,FITB,0.5891238670694863
2009-02-06,FITB,0.603960396039604
2016-07-05,DHR,0.6119933633562458
2013-04-19,VRTX,0.6190656326839417
2002-07-25,CNP,0.6266666666666667
2009-08-05,AIG,0.6270588235294117
2009-03-16,AIG,0.65818759936407
2000-02-23,REGN,0.7543352601156068
2001-04-19,MSTR,0.7643097643097643
2008-10-13,MS,0.8694992412746587
2002-07-29,WMB,1.0
2008-12-05,HIG,1.0211946050096339
